date,apprehensions,cbp_custody,transfers,hhs_care,discharges,Year,Month,Month_Name,Week,Weekday,Day_of_Week,Quarter,transfer_efficiency,discharge_effectiveness,cbp_transfer_rate,net_flow_pressure,cumulative_net_flow_pressure,cbp_transfer_gap,hhs_discharge_gap,transfers_roll7,discharges_roll7,transfer_efficiency_roll7,discharge_effectiveness_roll7,net_flow_pressure_roll7,transfers_roll14,discharges_roll14,transfer_efficiency_roll14,discharge_effectiveness_roll14,net_flow_pressure_roll14,transfers_roll30,discharges_roll30,transfer_efficiency_roll30,discharge_effectiveness_roll30,net_flow_pressure_roll30
2023-01-12,33,53,34,6566,436,2023,1,January,2,3,Thursday,1,64.15094339622641,6.640268047517514,103.03030303030303,-403,-403,19,6130,34.0,436.0,64.15094339622641,6.640268047517514,-403.0,34.0,436.0,64.15094339622641,6.640268047517514,-403.0,34.0,436.0,64.15094339622641,6.640268047517514,-403.0
2023-01-22,32,49,39,7122,227,2023,1,January,3,6,Sunday,1,79.59183673469387,3.1873069362538615,121.875,-195,-598,10,6895,36.5,331.5,71.87139006546013,4.913787491885688,-299.0,36.5,331.5,71.87139006546013,4.913787491885688,-299.0,36.5,331.5,71.87139006546013,4.913787491885688,-299.0
2023-01-23,32,50,39,7280,181,2023,1,January,4,0,Monday,1,78.0,2.4862637362637363,121.875,-149,-747,11,7099,37.333333333333336,281.3333333333333,73.91426004364008,4.10461290667837,-249.0,37.333333333333336,281.3333333333333,73.91426004364008,4.10461290667837,-249.0,37.333333333333336,281.3333333333333,73.91426004364008,4.10461290667837,-249.0
2023-01-24,47,42,47,7433,175,2023,1,January,4,1,Tuesday,1,111.90476190476191,2.3543656666218213,100.0,-128,-875,-5,7258,39.75,254.75,83.41188550892055,3.6670510966642333,-218.75,39.75,254.75,83.41188550892055,3.6670510966642333,-218.75,39.75,254.75,83.41188550892055,3.6670510966642333,-218.75
2023-01-25,20,22,41,7538,180,2023,1,January,4,2,Wednesday,1,186.36363636363635,2.387901300079597,204.99999999999997,-160,-1035,-19,7358,40.0,239.8,104.0022356798637,3.411221137347306,-207.0,40.0,239.8,104.0022356798637,3.411221137347306,-207.0,40.0,239.8,104.0022356798637,3.411221137347306,-207.0
2023-01-29,23,45,11,7472,303,2023,1,January,4,6,Sunday,1,24.444444444444443,4.055139186295503,47.82608695652174,-280,-1315,34,7169,35.166666666666664,250.33333333333334,90.74260380729383,3.518540812172006,-219.16666666666666,35.166666666666664,250.33333333333334,90.74260380729383,3.518540812172006,-219.16666666666666,35.166666666666664,250.33333333333334,90.74260380729383,3.518540812172006,-219.16666666666666
2023-01-30,34,54,29,7743,196,2023,1,January,5,0,Monday,1,53.70370370370371,2.5313186103577427,85.29411764705883,-162,-1477,25,7547,34.285714285714285,242.57142857142858,85.45133236392381,3.3775090690556824,-211.0,34.285714285714285,242.57142857142858,85.45133236392381,3.3775090690556824,-211.0,34.285714285714285,242.57142857142858,85.45133236392381,3.3775090690556824,-211.0
2023-01-31,26,36,36,7803,158,2023,1,January,5,1,Tuesday,1,100.0,2.0248622324746894,138.46153846153845,-132,-1609,0,7645,34.57142857142857,202.85714285714286,90.57262616446289,2.7181653811924216,-172.28571428571428,34.5,232.0,87.26991581843333,3.208428214483058,-201.125,34.5,232.0,87.26991581843333,3.208428214483058,-201.125
2023-02-01,25,32,27,7903,231,2023,2,February,5,2,Wednesday,1,84.375,2.9229406554472983,108.0,-206,-1815,5,7672,32.857142857142854,203.42857142857142,91.25593520236376,2.680398769648627,-173.85714285714286,33.666666666666664,231.88888888888889,86.94825850527407,3.1767073745901957,-201.66666666666666,33.666666666666664,231.88888888888889,86.94825850527407,3.1767073745901957,-201.66666666666666
2023-02-02,15,13,23,7879,298,2023,2,February,5,3,Thursday,1,176.9230769230769,3.782205863688285,153.33333333333334,-283,-2098,-10,7581,30.571428571428573,220.14285714285714,105.38780333423189,2.865533359280705,-193.0,32.6,238.5,95.94574034705435,3.2372572235000048,-209.8,32.6,238.5,95.94574034705435,3.2372572235000048,-209.8
2023-02-05,16,18,15,7586,342,2023,2,February,5,6,Sunday,1,83.33333333333334,4.508304771948326,93.75,-326,-2424,3,7244,26.0,244.0,101.30617068117068,3.1732389457559202,-221.28571428571428,31.0,247.9090909090909,94.79915789126153,3.3528070006316706,-220.36363636363637,31.0,247.9090909090909,94.79915789126153,3.3528070006316706,-220.36363636363637
2023-02-06,11,22,12,7720,196,2023,2,February,6,0,Monday,1,54.54545454545454,2.5388601036269427,109.09090909090908,-185,-2609,10,7524,21.857142857142858,246.28571428571428,82.47500185000185,3.1948044891198264,-224.85714285714286,29.416666666666668,243.58333333333334,91.4446826124443,3.2849780925479433,-217.41666666666666,29.416666666666668,243.58333333333334,91.4446826124443,3.2849780925479433,-217.41666666666666
2023-02-07,16,20,20,7855,200,2023,2,February,6,1,Tuesday,1,100.0,2.546148949713558,125.0,-184,-2793,0,7655,23.142857142857142,231.57142857142858,93.26865264365264,2.979234455322406,-211.14285714285714,28.692307692307693,240.23076923076923,92.10278394994859,3.2281450815606827,-214.84615384615384,28.692307692307693,240.23076923076923,92.10278394994859,3.2281450815606827,-214.84615384615384
2023-02-08,93,196,169,7915,317,2023,2,February,6,2,Wednesday,1,86.22448979591837,4.005053695514845,181.72043010752688,-224,-3017,27,7598,43.142857142857146,248.85714285714286,97.91447922825475,3.1897680389162772,-220.0,38.714285714285715,245.71428571428572,91.68290579608927,3.28363855398598,-215.5,38.714285714285715,245.71428571428572,91.68290579608927,3.28363855398598,-215.5
2023-02-09,124,234,161,7908,353,2023,2,February,6,3,Thursday,1,68.80341880341881,4.463834092058675,129.83870967741936,-229,-3246,73,7555,61.0,276.7142857142857,93.45782477160029,3.5381925902854183,-233.85714285714286,47.785714285714285,239.78571428571428,92.01522546803157,3.12817898573892,-203.07142857142858,46.86666666666667,252.86666666666667,90.15760666324458,3.36231825652416,-216.4
2023-02-12,92,203,173,7434,317,2023,2,February,6,6,Sunday,1,85.22167487684729,4.264191552327146,188.04347826086956,-225,-3471,30,7117,81.85714285714286,289.0,93.57877832543561,3.729799861268254,-236.57142857142858,57.357142857142854,246.21428571428572,92.41735676389969,3.2050993154584404,-205.21428571428572,54.75,256.875,89.84911092659475,3.4186853375118464,-216.9375
2023-02-13,186,259,172,7483,244,2023,2,February,7,0,Monday,1,66.40926640926641,3.2607243084324473,92.47311827956989,-58,-3529,87,7239,103.14285714285714,281.2857142857143,77.79109110917696,3.6553024962317058,-204.42857142857142,66.85714285714286,250.71428571428572,91.58944722170443,3.260417927756205,-198.71428571428572,61.64705882352941,256.11764705882354,88.47029654322249,3.4093935122718815,-207.58823529411765
2023-02-14,154,225,220,7794,223,2023,2,February,7,1,Tuesday,1,97.77777777777777,2.861175263022838,142.85714285714286,-69,-3598,5,7571,132.42857142857142,264.2857142857143,79.85458317266902,3.4199982806709213,-167.71428571428572,79.21428571428571,254.14285714285714,90.58037692691985,3.296618613213421,-194.5,70.44444444444444,254.27777777777777,88.98737883403112,3.378936942869157,-199.88888888888889
2023-02-15,91,199,172,7869,290,2023,2,February,7,2,Wednesday,1,86.4321608040201,3.6853475663997965,189.010989010989,-199,-3797,27,7579,155.28571428571428,277.7142857142857,84.40982692389267,3.5837822039241867,-169.71428571428572,88.57142857142857,262.0,83.44241438694725,3.3892933465220065,-197.28571428571428,75.78947368421052,256.1578947368421,88.85289367455685,3.395063817791822,-199.8421052631579
2023-02-16,81,213,153,7793,361,2023,2,February,7,3,Thursday,1,71.83098591549296,4.632362376491724,188.88888888888889,-280,-4077,60,7432,174.28571428571428,300.7142857142857,80.38568205467739,3.881812693463924,-183.42857142857142,98.71428571428571,266.14285714285717,86.82716734916502,3.4305235743931655,-197.28571428571428,79.65,261.4,88.00179828660366,3.4569287457268176,-203.85
2023-02-20,209,285,184,7817,209,2023,2,February,8,0,Monday,1,64.56140350877193,2.673659971856211,88.03827751196172,0,-4077,101,7608,176.42857142857142,285.2857142857143,77.2909554422279,3.6916135900841196,-151.42857142857142,109.78571428571429,267.07142857142856,87.60271733524132,3.4406908145001984,-185.71428571428572,84.61904761904762,258.9047619047619,86.88558901146882,3.41963023268536,-194.14285714285714
2023-02-21,184,314,217,7967,213,2023,2,February,8,1,Tuesday,1,69.10828025477707,2.673528304255052,117.93478260869566,-29,-4106,97,7754,184.42857142857142,265.2857142857143,77.33450707813621,3.435855620397888,-122.85714285714286,122.71428571428571,271.0,85.39616592486824,3.487024105341653,-178.35714285714286,90.63636363636364,256.8181818181818,86.07752952252828,3.3857165086658,-186.63636363636363
2023-02-22,107,215,230,7978,232,2023,2,February,8,2,Wednesday,1,106.9767441860465,2.90799699172725,214.9532710280374,-125,-4231,-15,7746,192.57142857142858,253.14285714285714,80.44237412230754,3.242113540312188,-108.57142857142857,137.21428571428572,271.07142857142856,87.01057622387157,3.485956700790221,-172.57142857142858,96.69565217391305,255.7391304347826,86.98619102963777,3.3649460948858634,-183.95652173913044
2023-02-23,101,162,178,7914,386,2023,2,February,8,3,Thursday,1,109.87654320987654,4.877432398281526,176.23762376237624,-285,-4516,-16,7528,193.42857142857142,273.42857142857144,86.65198509382328,3.4730718388620567,-141.0,148.28571428571428,277.35714285714283,82.22153810150012,3.564187167546881,-172.71428571428572,100.08333333333333,261.1666666666667,87.93995570381439,3.4279663575273496,-188.16666666666666
2023-02-26,99,190,176,7609,323,2023,2,February,8,6,Sunday,1,92.63157894736842,4.244973058220528,177.77777777777777,-224,-4740,14,7286,187.14285714285714,287.7142857142857,85.9168138323362,3.6707572381760123,-163.14285714285714,159.78571428571428,276.0,82.88569850250262,3.545377759423467,-165.42857142857142,103.12,263.64,88.12762063355655,3.4606466255550767,-189.6
2023-02-27,167,239,166,7800,248,2023,2,February,9,0,Monday,1,69.4560669456067,3.1794871794871797,99.40119760479041,-81,-4821,73,7552,186.28571428571428,281.7142857142857,83.49165756684859,3.5984914686170666,-146.28571428571428,170.78571428571428,279.7142857142857,83.95074224537063,3.591136836270626,-158.0,105.53846153846153,263.03846153846155,87.40948395325078,3.4498328007063113,-185.42307692307693
2023-02-28,115,216,169,7896,200,2023,2,February,9,1,Tuesday,1,78.24074074074075,2.532928064842958,146.95652173913044,-85,-4906,47,7696,188.57142857142858,258.7142857142857,84.40733682759829,3.2985722812386724,-118.42857142857143,181.42857142857142,279.7142857142857,82.39650944113782,3.5901924873512985,-150.92857142857142,107.88888888888889,260.7037037037037,87.06990087130598,3.415873366044705,-181.7037037037037
2023-03-01,84,158,193,7930,307,2023,3,March,9,2,Wednesday,1,122.15189873417722,3.871374527112232,229.76190476190476,-223,-5129,-35,7623,189.85714285714286,272.7142857142857,92.63455043122761,3.4696743605609606,-150.28571428571428,183.14285714285714,279.0,84.96275293672774,3.5806439753225403,-150.85714285714286,110.92857142857143,262.35714285714283,88.32282936640851,3.43214126465426,-183.17857142857142
2023-03-02,130,227,192,7870,335,2023,3,March,9,3,Thursday,1,84.58149779735683,4.256670902160101,147.6923076923077,-205,-5334,35,7535,186.28571428571428,290.14285714285717,94.84501008016755,3.6958375888331108,-175.42857142857142,185.35714285714286,277.7142857142857,86.08975857915189,3.565846604615499,-149.14285714285714,113.72413793103448,264.86206896551727,88.19381793299293,3.4605733211199787,-183.93103448275863
2023-03-07,88,214,160,7859,259,2023,3,March,10,1,Tuesday,1,74.76635514018692,3.295584679984731,181.8181818181818,-171,-5505,54,7600,176.28571428571428,294.0,90.24352593075905,3.75120725858418,-182.0,184.42857142857142,273.57142857142856,85.3429500265333,3.4966603994481837,-145.28571428571428,115.26666666666667,264.6666666666667,87.7462358398994,3.455073699748804,-183.5
2023-03-08,113,208,159,7885,291,2023,3,March,10,2,Wednesday,1,76.4423076923077,3.690551680405834,140.7079646017699,-178,-5683,49,7594,173.57142857142858,280.42857142857144,85.46720657110635,3.581652870316223,-166.71428571428572,183.5,276.92857142857144,86.05959583246481,3.52736235458914,-153.85714285714286,119.43333333333334,259.8333333333333,88.15594798310211,3.3567498208450814,-176.0
2023-03-09,174,285,150,7786,340,2023,3,March,10,3,Thursday,1,52.63157894736842,4.366812227074235,86.20689655172413,-166,-5849,135,7446,169.85714285714286,282.85714285714283,79.75292085682065,3.5990584658667535,-158.42857142857142,178.5,285.2857142857143,82.83486734457844,3.634907852021383,-160.78571428571428,123.13333333333334,263.6,87.2572727235246,3.396066663872427,-175.03333333333333
2023-03-13,104,230,206,7567,249,2023,3,March,11,0,Monday,1,89.56521739130436,3.2906039381525045,198.0769230769231,-145,-5994,24,7318,175.57142857142858,283.0,82.62565663477744,3.614932288533228,-167.57142857142858,180.92857142857142,282.35714285714283,83.05865710081302,3.6067118785751475,-156.92857142857142,128.7,265.8666666666667,87.6427799699014,3.422878003935386,-174.9
2023-03-14,147,276,214,7810,181,2023,3,March,11,1,Tuesday,1,77.53623188405797,2.317541613316261,145.57823129251702,-34,-6028,62,7629,182.0,280.2857142857143,82.52501251239421,3.5841627954579853,-160.28571428571428,185.28571428571428,269.5,83.46617466999624,3.441367538348328,-139.35714285714286,134.26666666666668,266.06666666666666,86.49716230254461,3.421650535491867,-171.76666666666668
2023-03-15,108,220,213,7915,286,2023,3,March,11,2,Wednesday,1,96.81818181818181,3.6133922931143396,197.22222222222223,-178,-6206,7,7629,184.85714285714286,277.2857142857143,78.90591009582343,3.5473081906011434,-153.85714285714286,187.35714285714286,275.0,85.7702302635255,3.508491275581052,-152.07142857142858,140.0,269.6,83.51231381769614,3.4625002352596916,-172.36666666666667
2023-03-16,180,280,146,7989,308,2023,3,March,11,3,Thursday,1,52.142857142857146,3.855301038928527,81.11111111111111,-128,-6334,134,7681,178.28571428571428,273.42857142857144,74.27181857375204,3.4899696387109187,-142.85714285714286,182.28571428571428,281.7857142857143,84.5584143269598,3.5929036137720147,-159.14285714285714,144.5,269.76666666666665,84.43559424097654,3.4558389636807925,-167.3
2023-03-19,134,294,186,7885,306,2023,3,March,11,6,Sunday,1,63.26530612244898,3.8807863031071657,138.80597014925374,-172,-6506,108,7579,182.0,280.14285714285717,72.62881157121805,3.573569870585552,-143.0,179.14285714285714,287.07142857142856,81.43616875098857,3.662388564584866,-162.5,149.73333333333332,273.43333333333334,84.7543143216014,3.5008212201057733,-167.63333333333333
2023-03-20,202,313,158,7931,279,2023,3,March,12,0,Monday,1,50.47923322683706,3.517841381919052,78.21782178217822,-77,-6583,155,7652,181.85714285714286,278.42857142857144,68.91980093329367,3.5488969708017266,-128.57142857142858,177.71428571428572,279.42857142857144,77.19350375220002,3.565274920558975,-147.64285714285714,153.8,277.46666666666664,83.1036220958293,3.5505871917539187,-165.8
2023-03-21,110,272,193,8050,221,2023,3,March,12,1,Tuesday,1,70.95588235294117,2.745341614906832,175.45454545454547,-111,-6694,79,7829,188.0,261.42857142857144,71.53755856266122,3.3172583119206687,-120.71428571428571,178.92857142857142,272.14285714285717,75.64523970974093,3.458158388893711,-139.57142857142858,159.33333333333334,277.1333333333333,82.65631817426066,3.5446672237359036,-162.63333333333333
2023-03-22,166,277,229,8097,246,2023,3,March,12,2,Wednesday,1,82.67148014440433,3.038162282326788,137.95180722891567,-80,-6774,48,7851,191.28571428571428,261.0,70.5527389559612,3.281195218231281,-111.42857142857143,183.42857142857142,272.0,76.58919779536934,3.4480637533822547,-139.5,166.2,275.4,79.51459828163824,3.5198657710238535,-155.86666666666667
2023-03-23,136,276,178,8102,331,2023,3,March,12,3,Thursday,1,64.4927536231884,4.0854110096272525,130.88235294117646,-195,-6969,98,7771,186.14285714285714,282.42857142857144,68.68938491869413,3.533747989132851,-134.42857142857142,184.07142857142858,281.35714285714283,75.60719871554417,3.558955392295418,-147.35714285714286,171.63333333333333,275.03333333333336,78.88657895796675,3.5057693122798175,-151.5
2023-03-26,87,246,173,7847,352,2023,3,March,12,6,Sunday,1,70.32520325203252,4.485790748056582,198.85057471264366,-265,-7234,73,7495,180.42857142857142,291.85714285714283,64.90467369495852,3.6583763398388855,-146.85714285714286,182.64285714285714,284.57142857142856,71.90529189539097,3.6028422652200147,-150.35714285714286,177.0,280.23333333333335,79.41257058151935,3.5706670004274725,-154.16666666666666
2023-03-27,84,171,157,7994,235,2023,3,March,13,0,Monday,1,91.81286549707602,2.939704778583938,186.9047619047619,-151,-7385,14,7759,182.0,281.42857142857144,70.57181774556122,3.527576874075373,-150.14285714285714,180.14285714285714,277.42857142857144,72.42181815965662,3.5087732563931455,-146.5,181.56666666666666,281.4,79.13966609808855,3.583785528056485,-153.06666666666666
2023-03-28,167,209,157,8079,223,2023,3,March,13,1,Tuesday,1,75.11961722488039,2.760242604282708,94.01197604790418,-56,-7441,52,7856,177.85714285714286,269.57142857142856,72.26529076019428,3.3674992028147366,-133.57142857142858,179.92857142857142,274.85714285714283,72.44705116570616,3.470534536700144,-138.28571428571428,181.16666666666666,278.26666666666665,78.76950367905395,3.5422918250154134,-147.46666666666667
2023-03-29,109,245,159,8208,267,2023,3,March,13,2,Wednesday,1,64.89795918367346,3.252923976608187,145.87155963302752,-158,-7599,86,7941,178.0,267.85714285714283,74.32510875402805,3.3296538591988987,-145.14285714285714,179.92857142857142,273.14285714285717,71.62245484366086,3.4392754150003126,-136.85714285714286,181.1,275.4,78.6393216917291,3.5019281545003977,-145.1
2023-03-30,156,256,176,8158,359,2023,3,March,13,3,Thursday,1,68.75,4.40058837950478,112.82051282051282,-203,-7802,80,7799,175.57142857142858,287.57142857142856,74.00998270360788,3.5661176827128904,-158.28571428571428,181.78571428571428,274.5,72.77377063313455,3.4416879973167798,-139.5,181.2,276.8,78.09026586250087,3.506474715406319,-144.36666666666667
2023-04-02,125,232,192,7981,304,2023,4,April,13,6,Sunday,2,82.75862068965517,3.8090464854028316,153.6,-179,-7981,40,7677,170.28571428571428,295.85714285714283,74.02243135292942,3.6762439974380396,-172.42857142857142,180.78571428571428,278.42857142857144,72.28758515444532,3.4787196078346603,-141.92857142857142,181.86666666666667,278.8,78.63524433851381,3.5247521213053314,-148.4
2023-04-03,118,139,168,8054,284,2023,4,April,14,0,Monday,2,120.86330935251799,3.5261981624037744,142.3728813559322,-166,-8147,-29,7770,168.85714285714286,289.14285714285717,82.07536788569078,3.596356447834686,-168.28571428571428,177.5,285.7857142857143,75.38237640219246,3.5650522184837685,-151.35714285714286,180.13333333333333,280.8333333333333,79.40476205767183,3.546919551284696,-151.63333333333333
2023-04-04,142,235,139,8068,259,2023,4,April,14,1,Tuesday,2,59.148936170212764,3.2102131879028257,97.88732394366197,-117,-8264,96,7809,164.0,275.85714285714283,80.4787583025737,3.414131082098435,-147.14285714285714,172.21428571428572,283.85714285714283,72.6917159987661,3.53625371096866,-147.0,179.03333333333333,279.8,78.49532123654491,3.53108173866813,-148.9
2023-04-05,148,245,175,8175,260,2023,4,April,14,2,Wednesday,2,71.42857142857143,3.180428134556575,118.24324324324324,-112,-8376,70,7915,166.57142857142858,279.42857142857144,77.56671629278732,3.4485201329516686,-141.57142857142858,174.28571428571428,280.42857142857144,74.06926701917426,3.488048503513521,-145.85714285714286,179.76666666666668,276.43333333333334,78.4819074203142,3.4826839306036255,-143.3
2023-04-06,119,219,210,8178,284,2023,4,April,14,3,Thursday,2,95.8904109589041,3.47273171924676,176.47058823529412,-165,-8541,9,7894,174.14285714285714,288.14285714285717,80.53397254050499,3.5503042922322474,-157.14285714285714,176.0,278.85714285714283,76.39963165034963,3.458901747523492,-145.35714285714286,180.63333333333333,278.93333333333334,79.52620766865194,3.5093196555166433,-148.8
2023-04-09,105,210,149,7900,329,2023,4,April,14,6,Sunday,2,70.95238095238095,4.1645569620253164,141.9047619047619,-224,-8765,61,7571,172.71428571428572,297.0,81.39888993603462,3.680537575863266,-166.57142857142858,175.35714285714286,282.42857142857144,77.86199934503134,3.505095717531082,-155.85714285714286,178.36666666666667,282.8,79.5876776919054,3.559020610775653,-155.3
2023-04-10,143,203,163,7826,265,2023,4,April,15,0,Monday,2,80.29556650246306,3.3861487349859445,113.98601398601397,-122,-8887,40,7561,170.85714285714286,283.57142857142856,83.04825657924364,3.5356176266462893,-155.0,173.21428571428572,285.57142857142856,78.52911964142575,3.55086765467959,-156.64285714285714,176.13333333333333,283.9,78.69830510245262,3.574959002217609,-155.2
2023-04-11,119,209,152,7922,187,2023,4,April,15,1,Tuesday,2,72.72727272727273,2.3605150214592276,127.73109243697478,-68,-8955,57,7735,165.14285714285714,266.85714285714283,81.61520687033187,3.328684560368632,-139.14285714285714,167.71428571428572,281.35714285714283,77.81881911163065,3.502464278903336,-155.78571428571428,175.26666666666668,277.26666666666665,77.45999608636583,3.491061756323532,-147.96666666666667
2023-04-12,155,212,181,7876,283,2023,4,April,15,2,Wednesday,2,85.37735849056604,3.5931945149822244,116.77419354838709,-128,-9083,31,7593,167.0,266.7142857142857,76.54578531862444,3.3382554678798395,-133.71428571428572,167.92857142857142,277.92857142857144,79.31057660215762,3.4673059578572625,-151.0,175.43333333333334,275.93333333333334,77.21818873780575,3.4693358048822556,-144.76666666666668
2023-04-13,109,214,173,7795,370,2023,4,April,15,3,Thursday,2,80.8411214953271,4.746632456703015,158.71559633027522,-261,-9344,41,7425,171.85714285714286,282.57142857142856,79.64466893649792,3.557743934851295,-154.28571428571428,167.92857142857142,279.2142857142857,80.0617136195358,3.485937508474865,-150.71428571428572,175.66666666666666,280.0,77.59769055612975,3.5215739807894497,-150.76666666666668
2023-04-16,191,283,192,7380,272,2023,4,April,15,6,Sunday,2,67.84452296819788,3.685636856368564,100.52356020942408,-81,-9425,91,7108,174.28571428571428,284.2857142857143,79.1326620135874,3.6299166093958646,-149.85714285714286,170.42857142857142,281.85714285714283,78.34968915318736,3.539218371173767,-145.71428571428572,176.43333333333334,282.4,77.25114996371165,3.5599976071736372,-150.63333333333333
2023-04-17,170,297,196,7344,248,2023,4,April,16,0,Monday,2,65.993265993266,3.376906318082789,115.29411764705881,-78,-9503,101,7096,172.28571428571428,279.14285714285717,74.86164130421055,3.6162272663724404,-137.42857142857142,173.21428571428572,283.64285714285717,77.69780692235777,3.583265779302344,-147.28571428571428,176.53333333333333,280.43333333333334,75.37919553901462,3.5435153335393226,-145.8
2023-04-18,152,272,214,7376,234,2023,4,April,16,1,Tuesday,2,78.67647058823529,3.1724511930585684,140.78947368421052,-82,-9585,58,7142,181.57142857142858,265.57142857142856,75.96508268076116,3.4744978708057617,-117.14285714285714,177.14285714285714,281.2857142857143,78.68198630839788,3.577517723334514,-141.85714285714286,177.26666666666668,277.06666666666666,75.18236129871056,3.5073746765692713,-141.7
2023-04-19,239,367,224,7356,229,2023,4,April,16,2,Wednesday,2,61.03542234332425,3.11310494834149,93.72384937238493,10,-9575,143,7127,190.28571428571428,260.42857142857144,73.2136335151699,3.43549161557084,-98.28571428571429,180.57142857142858,272.0,78.13094504720677,3.4855546211085646,-126.64285714285714,179.4,276.06666666666666,74.72466353881515,3.5012920188478294,-135.66666666666666
2023-04-20,113,280,237,7490,320,2023,4,April,16,3,Thursday,2,84.64285714285714,4.2723631508678235,209.73451327433628,-207,-9782,43,7170,202.42857142857142,279.42857142857144,74.91585986025338,3.708612776914925,-118.14285714285714,183.78571428571428,273.14285714285717,78.26553336529263,3.518648668641778,-128.64285714285714,182.0,277.03333333333336,74.9980151871668,3.5206857345298963,-136.63333333333333
2023-04-23,196,306,187,7534,266,2023,4,April,16,6,Sunday,2,61.111111111111114,3.5306610034510224,95.40816326530613,-70,-9852,119,7268,203.28571428571428,277.0,71.44925309175981,3.6996794181247528,-109.85714285714286,185.14285714285714,271.85714285714283,73.99751920519213,3.518967443002296,-121.78571428571429,183.23333333333332,274.56666666666666,75.28066625929156,3.492814027075789,-133.43333333333334
2023-04-24,236,330,222,7796,213,2023,4,April,17,0,Monday,2,67.27272727272727,2.732170343766034,94.0677966101695,23,-9829,108,7583,210.28571428571428,254.57142857142858,69.51091105995985,3.411899116276613,-69.28571428571429,191.07142857142858,268.57142857142856,74.5777899982289,3.4848215255639543,-111.78571428571429,183.76666666666668,273.3666666666667,74.53758325533899,3.4741995739295732,-127.83333333333333
2023-04-25,81,230,242,8017,202,2023,4,April,17,1,Tuesday,2,105.21739130434781,2.5196457527753524,298.7654320987654,-121,-9950,-12,7815,217.42857142857142,244.57142857142858,74.84989225083841,3.2453289586204397,-75.0,195.85714285714286,264.42857142857144,76.9912771322129,3.437622784008152,-112.42857142857143,184.7,274.06666666666666,75.46028856934865,3.4809363785782095,-130.73333333333332
2023-04-26,118,245,160,8117,256,2023,4,April,17,2,Wednesday,2,65.3061224489796,3.153874584205987,135.59322033898303,-138,-10088,85,7861,212.28571428571428,245.71428571428572,74.75172888736893,3.213467282352325,-83.57142857142857,192.28571428571428,262.42857142857144,74.80668509578973,3.414847274362383,-110.5,182.93333333333334,273.06666666666666,74.40988659037524,3.465619121614598,-129.4
2023-04-27,218,283,208,8159,310,2023,4,April,17,3,Thursday,2,73.4982332155477,3.799485231033215,95.41284403669725,-92,-10180,75,7849,211.42857142857142,256.57142857142856,74.0119806912707,3.3030435734915606,-85.0,196.5,261.07142857142856,74.98853168601592,3.388770722148661,-101.07142857142857,185.0,273.1333333333333,75.12173245946492,3.463758594684754,-128.2
2023-04-30,132,243,183,8352,293,2023,4,April,17,6,Sunday,2,75.30864197530865,3.508141762452107,138.63636363636365,-161,-10341,60,8059,205.57142857142858,265.7142857142857,76.05101206726847,3.359477404078792,-109.42857142857143,197.92857142857142,263.07142857142856,74.63232279121918,3.397484509824816,-103.85714285714286,184.9,272.7,75.52317698789358,3.451337109996252,-127.83333333333333
2023-05-01,224,315,152,8492,237,2023,5,May,18,0,Monday,2,48.25396825396825,2.7908619877531797,67.85714285714286,-13,-10354,163,8255,193.42857142857142,253.85714285714286,70.85259936885578,3.1478343807767,-81.71428571428571,197.92857142857142,266.64285714285717,72.88422961455457,3.428223578845812,-99.92857142857143,184.7,271.3,75.44900148879795,3.427104463524057,-125.7
2023-05-02,167,326,213,8654,245,2023,5,May,18,1,Tuesday,2,65.33742331288343,2.8310607811416686,127.54491017964071,-78,-10432,113,8409,197.14285714285714,250.85714285714286,71.45635825482324,3.047891491875364,-82.85714285714286,200.21428571428572,263.92857142857144,71.45280567329154,3.3737854550000583,-96.35714285714286,185.36666666666667,272.1,75.26171952079603,3.4299617690652178,-124.6
2023-05-03,209,353,232,8704,267,2023,5,May,18,2,Wednesday,2,65.72237960339945,3.0675551470588234,111.00478468899522,-58,-10490,121,8437,198.57142857142858,258.57142857142856,71.23488001634784,3.0958036066314762,-94.42857142857143,204.42857142857142,256.57142857142856,70.37289553815386,3.253851361454044,-81.85714285714286,185.46666666666667,272.8,74.69674950276253,3.430941531222952,-123.86666666666666
2023-05-04,153,253,286,8790,332,2023,5,May,18,3,Thursday,2,113.04347826086956,3.777019340159272,186.9281045751634,-179,-10669,-33,8458,204.85714285714286,277.14285714285717,72.3528924387081,3.275428404829179,-102.71428571428571,211.14285714285714,260.85714285714283,73.60139234477325,3.2603786817248093,-88.85714285714286,189.06666666666666,272.8333333333333,76.31510699068525,3.420661808907353,-123.33333333333333
2023-05-07,180,337,219,8485,375,2023,5,May,18,6,Sunday,2,64.98516320474778,4.419563936358279,121.66666666666666,-195,-10864,118,8110,213.28571428571428,294.14285714285717,72.30704111810356,3.4562411694223636,-110.85714285714286,212.78571428571428,269.92857142857144,73.52938500273623,3.3348542258873444,-97.21428571428571,190.6,273.6,76.13710565577574,3.418454248517409,-121.0
2023-05-08,133,287,189,8590,261,2023,5,May,19,0,Monday,2,65.85365853658537,3.038416763678696,142.10526315789474,-128,-10992,98,8329,210.57142857142858,287.14285714285717,71.21495902110892,3.347517102657432,-116.0,211.0,271.85714285714283,72.61346985618981,3.325280338074496,-100.5,191.66666666666666,274.46666666666664,75.27179875709272,3.421744648020568,-120.23333333333333
2023-05-09,187,310,247,8606,250,2023,5,May,19,1,Tuesday,2,79.6774193548387,2.9049500348594,132.0855614973262,-63,-11055,63,8356,219.71428571428572,281.0,71.83907007532751,3.261346855858474,-102.0,212.64285714285714,273.35714285714283,73.94504107129798,3.310412129968633,-105.71428571428571,194.66666666666666,275.3666666666667,75.42372549475799,3.4265682290397907,-120.46666666666667
2023-05-10,168,285,210,8681,304,2023,5,May,19,2,Wednesday,2,73.68421052631578,3.501900702684022,125.0,-136,-11191,75,8377,228.0,290.57142857142856,75.47196182852001,3.362923815134309,-119.57142857142857,210.71428571428572,272.2142857142857,73.16228059868789,3.255379097955504,-100.64285714285714,196.36666666666667,276.6,75.71660053951274,3.434867453242319,-119.73333333333333
2023-05-11,269,412,204,8672,392,2023,5,May,19,3,Thursday,2,49.51456310679612,4.520295202952029,75.8364312267658,-123,-11314,208,8280,226.71428571428572,311.57142857142856,73.2115532276504,3.604243018250074,-126.0,211.92857142857142,281.2142857142857,72.33395574123682,3.3260672550627186,-104.42857142857143,197.3,277.7,75.07541930973929,3.4388576806905604,-117.06666666666666
2023-05-14,100,255,236,8445,288,2023,5,May,19,6,Sunday,2,92.54901960784314,3.4103019538188275,236.0,-188,-11502,19,8157,227.28571428571428,314.57142857142856,77.04393037114235,3.6532068477872177,-144.57142857142858,212.92857142857142,286.57142857142856,74.1394051937451,3.374505227209347,-119.5,198.76666666666668,277.1666666666667,75.40176594034554,3.4255661963044273,-117.36666666666666
2023-05-15,205,294,177,8571,277,2023,5,May,20,0,Monday,2,60.204081632653065,3.2318282580795707,86.34146341463415,-72,-11574,117,8294,211.71428571428572,306.7142857142857,69.49544513853999,3.5753224074901175,-129.28571428571428,208.28571428571428,291.92857142857144,70.92416878862404,3.4253754061596484,-116.0,199.06666666666666,276.93333333333334,73.37979168301672,3.415753866160287,-114.23333333333333
2023-05-16,161,304,211,8572,272,2023,5,May,20,1,Tuesday,2,69.4078947368421,3.173121791880541,131.055900621118,-111,-11685,93,8300,210.57142857142858,292.0,70.12726392883918,3.397259243993298,-117.28571428571429,211.92857142857142,293.07142857142856,71.21715252347137,3.4267502067078306,-114.07142857142857,201.46666666666667,277.3666666666667,73.72175696857103,3.4145174862928775,-114.03333333333333
2023-05-17,57,162,193,8569,307,2023,5,May,20,2,Wednesday,2,119.1358024691358,3.5826817598319525,338.59649122807014,-250,-11935,-31,8262,211.14285714285714,298.57142857142856,77.73899877634639,3.4750113863009062,-134.71428571428572,210.85714285714286,292.85714285714283,74.47697889872765,3.4112642444791694,-125.35714285714286,202.06666666666666,278.93333333333334,75.3119980032565,3.4279259404687235,-118.63333333333334
2023-05-18,80,122,152,8474,351,2023,5,May,20,3,Thursday,2,124.59016393442623,4.142081661552986,190.0,-271,-12206,-30,8123,197.57142857142858,313.0,84.1551051448589,3.6517444758285613,-164.42857142857142,208.64285714285714,297.0,77.9970876100932,3.4565456658435174,-133.21428571428572,200.13333333333333,281.1666666666667,76.26865643577392,3.4502376052122647,-122.16666666666667
2023-05-21,107,170,133,7826,343,2023,5,May,20,6,Sunday,2,78.23529411764706,4.382826475849732,124.29906542056075,-236,-12442,37,7483,186.57142857142858,318.57142857142856,84.8052599436205,3.7775910148522343,-178.71428571428572,207.28571428571428,304.57142857142856,80.13861088607027,3.5702574149932715,-149.14285714285714,199.6,281.6333333333333,76.51142020794944,3.457513255673078,-122.56666666666666
2023-05-22,99,156,139,7848,240,2023,5,May,21,0,Monday,2,89.1025641025641,3.058103975535168,140.4040404040404,-141,-12583,17,7608,177.28571428571428,296.85714285714283,90.46068865730163,3.568706553792683,-181.28571428571428,202.0,304.2142857142857,81.83612094247601,3.586474786021378,-153.64285714285714,198.8,280.8,76.80498679461948,3.4465784303580524,-123.2
2023-05-23,25,66,94,7788,246,2023,5,May,21,1,Tuesday,2,142.42424242424244,3.1587057010785826,376.0,-221,-12804,-28,7542,157.0,290.85714285714283,97.58572048821581,3.532764231972648,-186.0,192.14285714285714,302.7142857142857,87.31482542967909,3.592985539879933,-165.28571428571428,196.86666666666667,282.76666666666665,79.1282191178518,3.473184786345364,-128.3
2023-05-24,35,70,53,7709,276,2023,5,May,21,2,Wednesday,2,75.71428571428571,3.5802308989492797,151.42857142857142,-241,-13045,17,7433,139.28571428571428,290.7142857142857,99.80146392844905,3.5825360378111775,-210.14285714285714,175.5,298.7142857142857,84.64845453349452,3.5789292226506477,-169.71428571428572,192.6,282.53333333333336,78.8061166919758,3.4727526658109324,-132.06666666666666
2023-05-25,43,73,64,7546,408,2023,5,May,21,3,Thursday,2,87.67123287671232,5.406838059899284,148.8372093023256,-365,-13410,9,7138,118.28571428571429,310.14285714285717,102.4105122341448,3.901638361813855,-246.42857142857142,164.42857142857142,301.07142857142856,86.26888808149201,3.649448802903577,-181.85714285714286,188.96666666666667,283.8,79.0337870713553,3.4947595192508083,-135.53333333333333
2023-05-29,41,60,71,6996,207,2023,5,May,22,0,Monday,2,118.33333333333333,2.9588336192109774,173.17073170731706,-166,-13576,-11,6789,100.85714285714286,295.85714285714283,102.29587378617302,3.8125171988680013,-234.42857142857142,156.0,297.2142857142857,90.0174362812597,3.643764292584454,-184.57142857142858,184.93333333333334,281.6333333333333,80.71674741685982,3.4705327446788887,-138.36666666666667
2023-05-30,65,83,65,7046,168,2023,5,May,22,1,Tuesday,2,78.3132530120482,2.3843315356230486,100.0,-103,-13679,18,6878,88.42857142857143,269.7142857142857,95.68488651154759,3.5614100380208673,-210.42857142857142,143.0,291.35714285714283,89.91999582820324,3.6065772569247145,-187.42857142857142,180.56666666666666,278.96666666666664,81.12741365081924,3.437446918596897,-139.2
2023-05-31,38,80,82,7053,210,2023,5,May,22,2,Wednesday,2,102.49999999999999,2.9774564015312635,215.78947368421052,-172,-13851,-2,6843,81.14285714285714,250.71428571428572,99.15127306616944,3.360642884546801,-201.28571428571428,133.85714285714286,284.64285714285717,91.97826650489499,3.5691169496995174,-190.0,176.16666666666666,278.1666666666667,81.92153129787806,3.4309470922126537,-142.2
2023-06-01,56,82,68,7002,287,2023,6,June,22,3,Thursday,2,82.92682926829268,4.098828906026849,121.42857142857142,-231,-14082,14,6715,71.0,257.42857142857144,98.26902523270209,3.509317874617041,-214.14285714285714,124.14285714285714,277.14285714285717,94.36485694500186,3.539012214204862,-197.71428571428572,170.96666666666667,280.1,82.65124486204367,3.4638045574688325,-150.23333333333332
2023-06-04,74,103,80,6555,292,2023,6,June,22,6,Sunday,2,77.66990291262135,4.454614797864226,108.10810810810811,-218,-14300,23,6263,69.0,264.0,89.01840530247053,3.694447745586418,-213.71428571428572,113.0,277.42857142857144,93.30206289534317,3.6136059887795327,-199.85714285714286,165.73333333333332,279.1666666666667,82.41881305436914,3.469879612368713,-150.6
2023-06-05,68,107,102,6523,189,2023,6,June,23,0,Monday,2,95.32710280373831,2.897439828299862,150.0,-121,-14421,5,6334,76.0,251.57142857142858,91.82023631524945,3.596906164065073,-196.57142857142858,107.64285714285714,271.14285714285717,95.81085012184927,3.589721100938125,-203.35714285714286,162.9,276.6,83.55934611079005,3.4487722398636738,-152.3
2023-06-06,92,124,93,6508,187,2023,6,June,23,1,Tuesday,2,75.0,2.8733866011063305,101.08695652173914,-95,-14516,31,6321,80.14285714285714,220.0,90.01006019000484,3.234984527094651,-158.0,99.21428571428571,265.07142857142856,96.21028621207483,3.568311444454253,-202.21428571428572,158.6,275.73333333333335,83.81692186836581,3.453479448441684,-156.23333333333332
2023-06-07,113,162,107,6483,208,2023,6,June,23,2,Wednesday,2,66.0493827160494,3.2083911769242635,94.69026548672566,-95,-14611,55,6275,85.28571428571429,220.14285714285714,82.5409243875357,3.2706356067679776,-147.85714285714286,93.07142857142857,258.0,92.41839908685436,3.5415764028179892,-191.14285714285714,154.1,275.93333333333334,82.5113215820892,3.4764376292466475,-155.36666666666667
2023-06-08,106,196,131,6446,255,2023,6,June,23,3,Thursday,2,66.83673469387756,3.9559416692522498,123.58490566037736,-149,-14760,65,6191,94.71428571428571,232.57142857142858,80.9014217706542,3.495151340143578,-154.42857142857142,91.57142857142857,251.14285714285714,88.29315414110089,3.528280689082223,-182.42857142857142,153.13333333333333,275.9,82.56234199025245,3.5031731987481893,-155.73333333333332
2023-06-11,86,152,168,6007,238,2023,6,June,23,6,Sunday,2,110.5263157894737,3.9620442816713832,195.3488372093023,-152,-14912,-16,5769,107.0,236.57142857142858,82.04803831200756,3.6358067515921664,-151.57142857142858,94.07142857142857,243.64285714285714,90.59965568908851,3.4982248180694837,-176.42857142857142,151.8,273.5,83.79661140938333,3.508591833769462,-157.73333333333332
2023-06-12,84,118,136,6021,177,2023,6,June,24,0,Monday,2,115.2542372881356,2.9397110114598903,161.9047619047619,-93,-15005,-18,5844,116.71428571428571,220.85714285714286,86.6662394576994,3.470218480939743,-131.85714285714286,93.85714285714286,239.14285714285714,92.46763234520074,3.489768177778392,-173.0,150.23333333333332,269.6333333333333,85.1281312531442,3.489644142069721,-155.46666666666667
2023-06-13,59,64,117,6061,146,2023,6,June,24,1,Tuesday,2,182.8125,2.4088434251773636,198.3050847457627,-87,-15092,-53,5915,122.0,200.0,101.68661047018209,3.1779654276987634,-113.14285714285714,95.5,232.0,95.3525078863263,3.436206586642591,-163.42857142857142,149.06666666666666,266.6,89.6134156446786,3.476910189983861,-157.93333333333334
2023-06-14,62,97,52,6065,167,2023,6,June,24,2,Wednesday,2,53.608247422680414,2.7535037098103876,83.87096774193549,-105,-15197,45,5898,114.85714285714286,196.85714285714286,95.7267739871738,3.1574031250574097,-110.85714285714286,95.42857142857143,224.21428571428572,93.77350515121164,3.3771546445612413,-153.71428571428572,143.7,264.0,89.22244311500518,3.474324954272818,-158.83333333333334
2023-06-15,91,75,97,6038,272,2023,6,June,24,3,Thursday,2,129.33333333333331,4.504802914872474,106.5934065934066,-181,-15378,-22,5766,115.42857142857143,209.0,103.48867874907856,3.390462598452573,-123.14285714285714,97.78571428571429,214.5,96.74936946954169,3.312723562773612,-140.57142857142858,139.2,264.1666666666667,91.3428082393363,3.5222332131999394,-162.93333333333334
2023-06-19,29,51,11,5679,142,2023,6,June,25,0,Monday,2,21.568627450980394,2.500440218348301,37.93103448275862,-113,-15491,40,5537,101.71428571428571,199.57142857142858,97.13428513978302,3.2893267472274355,-125.71428571428571,93.5,209.85714285714286,89.83760476365936,3.279981176997706,-136.78571428571428,130.03333333333333,257.8333333333333,88.29364654567333,3.4796805758062406,-160.73333333333332
2023-06-20,33,53,34,5904,134,2023,6,June,25,1,Tuesday,2,64.15094339622641,2.2696476964769645,103.03030303030303,-101,-15592,19,5770,87.85714285714286,182.28571428571428,96.75060066868998,3.048427608259538,-118.85714285714286,91.28571428571429,207.42857142857142,88.82601121967207,3.2717894742015576,-136.64285714285714,123.86666666666666,249.8,88.26583921872263,3.4080167011435303,-157.6
2023-06-21,93,196,169,5922,149,2023,6,June,25,2,Wednesday,2,86.22448979591837,2.5160418777440055,181.72043010752688,-56,-15648,27,5773,88.0,169.57142857142858,93.2789112410392,2.8418558362699122,-105.14285714285714,97.5,203.07142857142858,87.66347477652342,3.2388312939310393,-128.35714285714286,123.2,246.06666666666666,88.94486692736704,3.3906042049457072,-155.2
2023-06-22,124,234,161,5956,207,2023,6,June,25,3,Thursday,2,68.80341880341881,3.475486903962391,129.83870967741936,-83,-15731,73,5749,91.57142857142857,173.85714285714286,86.64308002893681,2.918395249484555,-103.71428571428571,104.14285714285714,197.35714285714286,86.65465974331812,3.1943068652121496,-117.78571428571429,120.33333333333333,244.63333333333333,88.58240024231972,3.4096221005824736,-155.86666666666667
2023-06-25,92,203,173,5766,263,2023,6,June,25,6,Sunday,2,85.22167487684729,4.56122095039889,188.04347826086956,-171,-15902,30,5503,99.57142857142857,190.57142857142858,72.70153358277214,3.22587775308763,-115.71428571428571,110.78571428571429,195.28571428571428,87.19407202647712,3.201921590393197,-114.42857142857143,119.1,243.26666666666668,88.96698238733744,3.4449327755063024,-157.03333333333333
2023-06-26,186,259,172,5819,174,2023,6,June,26,0,Monday,2,66.40926640926641,2.9902045024918373,92.47311827956989,12,-15890,87,5645,116.71428571428571,191.57142857142858,74.53025058085586,3.259692152042123,-99.0,115.78571428571429,194.21428571428572,85.12851228401483,3.2085476385497667,-104.92857142857143,118.03333333333333,236.0,89.53013916408645,3.3939297521576295,-152.53333333333333
2023-06-27,154,225,220,5917,155,2023,6,June,26,1,Tuesday,2,97.77777777777777,2.619570728409667,142.85714285714286,-1,-15891,5,5762,134.28571428571428,174.85714285714286,70.02231407291934,2.9903732682617217,-73.28571428571429,124.85714285714286,191.92857142857142,86.75549641099896,3.190417933357147,-98.21428571428571,117.5,231.56666666666666,89.70443110308427,3.3675720446439907,-146.3
2023-06-28,91,199,172,5999,174,2023,6,June,26,2,Wednesday,2,86.4321608040201,2.9004834139023172,189.010989010989,-83,-15974,27,5825,157.28571428571428,179.42857142857142,79.28853312335359,3.0475222961980104,-69.0,129.5,189.5,88.2114091315683,3.168424521712723,-97.35714285714286,117.33333333333333,228.13333333333333,90.57870040879651,3.356527216504749,-146.66666666666666
2023-06-29,81,213,153,6058,213,2023,6,June,26,3,Thursday,2,71.83098591549296,3.5160118851105975,188.88888888888889,-132,-16106,60,5845,174.28571428571428,190.71428571428572,80.38568205467739,3.225574323145672,-73.42857142857143,131.07142857142858,186.5,88.56814136168369,3.137000965702605,-96.14285714285714,115.4,226.16666666666666,90.65947011475153,3.3679568862790843,-147.36666666666667
2023-07-02,209,285,184,5903,309,2023,7,July,26,6,Sunday,3,64.56140350877193,5.234626461121464,88.03827751196172,-100,-16206,101,5594,176.42857142857142,213.57142857142858,77.2909554422279,3.613943549342452,-79.71428571428571,132.21428571428572,191.57142857142858,85.28493334163355,3.227899692806182,-92.42857142857143,115.1,226.23333333333332,88.84032348273941,3.4230217096554014,-142.36666666666667
2023-07-04,184,314,217,6127,124,2023,7,July,27,1,Tuesday,3,69.10828025477707,2.0238289538110004,117.93478260869566,60,-16146,97,6003,184.42857142857142,201.71428571428572,77.33450707813621,3.4065638421779676,-59.285714285714285,138.0,187.78571428571428,81.98879355353652,3.1624795458312613,-81.5,117.26666666666667,218.66666666666666,86.99092736008443,3.3524132860640012,-131.33333333333334
2023-07-05,107,215,230,6193,167,2023,7,July,27,2,Wednesday,3,106.9767441860465,2.6965929274987888,214.9532710280374,-60,-16206,-15,6026,192.57142857142858,188.0,80.44237412230754,3.140188410335096,-43.42857142857143,146.07142857142858,189.28571428571428,76.57195385253983,3.1830330817113635,-79.57142857142857,120.5,212.8,87.94897569569775,3.2962055011189704,-125.46666666666667
2023-07-06,101,162,178,6239,205,2023,7,July,27,3,Thursday,3,109.87654320987654,3.285782978041353,176.23762376237624,-104,-16310,-16,6034,193.42857142857142,192.42857142857142,86.65198509382326,3.18241390684217,-60.0,155.07142857142858,192.0,80.59111783733955,3.2210530294421464,-79.5,121.8,211.63333333333333,88.6414416659415,3.3037948012025096,-124.23333333333333
2023-07-09,99,190,176,6214,196,2023,7,July,27,6,Sunday,3,92.63157894736842,3.154168007724493,177.77777777777777,-97,-16407,14,6018,187.14285714285714,198.28571428571428,85.91681383233622,3.258784946744288,-73.71428571428571,160.71428571428572,186.57142857142858,77.9695639526278,3.124579107503005,-73.5,124.53333333333333,209.96666666666667,86.98168621671236,3.303643544757373,-120.1
2023-07-10,167,239,166,6346,163,2023,7,July,28,0,Monday,3,69.4560669456067,2.568547116293728,99.40119760479041,4,-16403,73,6183,186.28571428571428,196.71428571428572,83.49165756684859,3.211365475657346,-61.285714285714285,171.78571428571428,188.07142857142858,81.39009534510107,3.1294438859276785,-65.14285714285714,128.3,206.2,86.77307892442306,3.269920752002188,-111.93333333333334
2023-07-11,115,216,169,6498,143,2023,7,July,28,1,Tuesday,3,78.24074074074075,2.200677131425054,146.95652173913044,-28,-16431,47,6355,188.57142857142858,186.71428571428572,84.40733682759826,3.0234605108451262,-46.42857142857143,181.42857142857142,188.71428571428572,82.39650944113784,3.124517416995399,-59.92857142857143,131.8,197.36666666666667,86.45872918655735,3.1630487210530474,-100.7
2023-07-12,84,158,193,6521,210,2023,7,July,28,2,Wednesday,3,122.15189873417722,3.220364974697133,229.76190476190476,-126,-16557,-35,6311,189.85714285714286,172.57142857142858,92.6345504312276,2.735708869927364,-50.142857142857146,183.14285714285714,193.07142857142858,84.96275293672775,3.174826209634908,-64.92857142857143,135.86666666666667,197.46666666666667,86.5860146999188,3.1717664329025856,-99.36666666666666
2023-07-13,130,227,192,6604,226,2023,7,July,28,3,Thursday,3,84.58149779735683,3.422168382798304,147.6923076923077,-96,-16653,35,6378,186.28571428571428,187.14285714285714,94.84501008016757,2.9354716454969787,-72.42857142857143,185.35714285714286,194.42857142857142,86.08975857915189,3.1710177438374734,-65.85714285714286,140.1,199.4,86.79495619276241,3.206360994475094,-99.13333333333334
2023-07-16,88,214,160,6468,218,2023,7,July,28,6,Sunday,3,74.76635514018692,3.370439084724799,181.8181818181818,-130,-16783,54,6250,176.28571428571428,194.42857142857142,90.24352593075905,3.031735382243552,-82.42857142857143,184.42857142857142,191.21428571428572,85.34295002653327,3.085961896289324,-62.92857142857143,142.7,199.66666666666666,85.87050136410198,3.2194604172482126,-97.73333333333333
2023-07-17,113,208,159,6632,160,2023,7,July,29,0,Monday,3,76.4423076923077,2.4125452352231602,140.7079646017699,-47,-16830,49,6472,173.57142857142858,188.0,85.46720657110636,2.9069871332695243,-74.28571428571429,183.5,190.21428571428572,86.05959583246481,3.044700520055847,-67.14285714285714,145.73333333333332,195.43333333333334,85.65435064490248,3.1632509615547564,-91.6
2023-07-18,174,285,150,6874,181,2023,7,July,29,1,Tuesday,3,52.63157894736842,2.6331102705848126,86.20689655172413,-7,-16837,135,6693,169.85714285714286,185.85714285714286,79.75292085682064,2.832550313678141,-61.42857142857143,178.5,192.07142857142858,82.83486734457844,3.045667630211215,-67.57142857142857,148.06666666666666,191.73333333333332,84.81973984606073,3.1025341439787755,-84.56666666666666
2023-07-19,104,230,206,7001,226,2023,7,July,29,2,Wednesday,3,89.56521739130436,3.2281102699614337,198.0769230769231,-122,-16959,24,6775,175.57142857142858,194.85714285714286,82.62565663477746,2.9267736213449567,-79.42857142857143,180.92857142857142,195.78571428571428,83.05865710081302,3.0690695485011514,-70.35714285714286,151.53333333333333,192.96666666666667,84.62767699897958,3.1135564920341614,-84.6
2023-07-20,147,276,214,7116,281,2023,7,July,29,3,Thursday,3,77.53623188405797,3.9488476672287804,145.57823129251702,-134,-17093,62,6835,182.0,214.57142857142858,82.52501251239421,3.176512269316917,-94.57142857142857,185.28571428571428,200.64285714285714,83.46617466999624,3.0999863900810216,-70.5,155.56666666666666,196.1,84.71221806178151,3.1494051942382426,-85.9
2023-07-23,108,220,213,7052,276,2023,7,July,29,6,Sunday,3,96.81818181818181,3.9137833238797506,197.22222222222223,-168,-17261,7,6776,184.85714285714286,224.0,78.90591009582343,3.275572033485863,-100.57142857142857,187.35714285714286,198.28571428571428,85.77023026352552,3.005640451706614,-75.35714285714286,159.1,198.36666666666667,85.73784469851927,3.1729182658034256,-88.33333333333333
2023-07-24,180,280,146,7220,187,2023,7,July,30,0,Monday,3,52.142857142857146,2.590027700831025,81.11111111111111,-7,-17268,134,7033,178.28571428571428,218.42857142857142,74.27181857375204,3.1566947932048235,-87.85714285714286,182.28571428571428,202.78571428571428,84.5584143269598,3.046083219350901,-80.14285714285714,159.6,196.1,85.24804878015192,3.127387800189385,-83.6
2023-07-25,134,294,186,7510,136,2023,7,July,30,1,Tuesday,3,63.26530612244898,1.8109187749667113,138.80597014925374,-2,-17270,108,7374,182.0,206.71428571428572,72.62881157121805,2.933906177525096,-69.57142857142857,179.14285714285714,200.57142857142858,81.43616875098856,2.982820779884324,-76.0,160.2,192.7,83.6726817912511,3.055683616632563,-78.6
2023-07-26,202,313,158,7647,215,2023,7,July,30,2,Wednesday,3,50.47923322683706,2.811560088923761,78.21782178217822,-13,-17283,155,7432,181.85714285714286,214.57142857142858,68.91980093329367,2.990908299482325,-64.71428571428571,177.71428571428572,201.28571428571428,77.19350375220003,2.948947716375925,-69.5,160.93333333333334,193.96666666666667,81.51351498920782,3.051411919214692,-75.93333333333334
2023-07-27,110,272,193,7754,259,2023,7,July,30,3,Thursday,3,70.95588235294117,3.3402115037400053,175.45454545454547,-149,-17432,79,7495,188.0,225.71428571428572,71.5375585626612,3.091922761361638,-85.0,178.92857142857142,205.78571428571428,75.64523970974093,2.96223653751989,-73.21428571428571,163.46666666666667,197.73333333333332,77.78496106763919,3.0824575218334465,-78.0
2023-07-30,166,277,229,7671,305,2023,7,July,30,6,Sunday,3,82.67148014440433,3.976013557554426,137.95180722891567,-139,-17571,48,7366,191.28571428571428,237.0,70.5527389559612,3.1987660881606375,-87.42857142857143,183.42857142857142,215.92857142857142,76.58919779536934,3.062769854752797,-83.42857142857143,169.36666666666667,202.33333333333334,78.75373549169666,3.123207850091581,-79.13333333333334
2023-07-31,136,276,178,7800,220,2023,7,July,31,0,Monday,3,64.4927536231884,2.8205128205128207,130.88235294117646,-84,-17655,98,7580,186.14285714285714,228.28571428571428,68.68938491869413,3.037575395772643,-80.28571428571429,184.07142857142858,221.42857142857142,75.60719871554417,3.1070438325447802,-87.42857142857143,172.06666666666666,200.6,76.59238283469182,3.067064846946259,-75.9
2023-08-01,87,246,173,8103,168,2023,8,August,31,1,Tuesday,3,70.32520325203252,2.073306182895224,198.85057471264366,-81,-17736,73,7935,180.42857142857142,212.85714285714286,64.90467369495852,2.7746500899177104,-67.85714285714286,182.64285714285714,218.42857142857142,71.90529189539097,3.0251110617017867,-84.21428571428571,177.46666666666667,201.46666666666667,78.21760202806021,3.0528270457644897,-74.83333333333333
2023-08-02,84,171,157,8261,271,2023,8,August,31,2,Wednesday,3,91.81286549707602,3.280474518823387,186.9047619047619,-187,-17923,14,7990,182.0,224.85714285714286,70.57181774556122,2.8732853496309048,-93.57142857142857,180.14285714285714,221.64285714285714,72.42181815965662,3.0149900714178637,-90.71428571428571,181.56666666666666,206.03333333333333,79.13966609808854,3.0865212731760376,-77.7
2023-08-03,167,209,157,8294,339,2023,8,August,31,3,Thursday,3,75.11961722488039,4.087292018326501,94.01197604790418,-172,-18095,52,7955,177.85714285714286,253.85714285714286,72.26529076019428,3.1984815272537324,-117.85714285714286,179.92857142857142,230.28571428571428,72.44705116570616,3.066193852389414,-93.71428571428571,181.16666666666666,212.36666666666667,78.76950367905395,3.1388962778621208,-81.56666666666666
2023-08-06,109,245,159,8298,322,2023,8,August,31,6,Sunday,3,64.89795918367346,3.8804531212340323,145.87155963302752,-213,-18308,86,7976,178.0,269.14285714285717,74.32510875402805,3.351180531869485,-146.42857142857142,179.92857142857142,241.85714285714286,71.62245484366086,3.171044415675905,-105.57142857142857,181.1,216.2,78.6393216917291,3.1523951517711755,-85.9
2023-08-07,156,256,176,8493,202,2023,8,August,32,0,Monday,3,68.75,2.3784292947132935,112.82051282051282,-46,-18354,80,8291,175.57142857142858,261.0,74.00998270360788,3.213783073437098,-131.71428571428572,181.78571428571428,243.35714285714286,72.77377063313455,3.152852917399368,-108.35714285714286,181.2,214.16666666666666,78.09026586250086,3.0796354299149886,-81.73333333333333
2023-08-08,125,232,192,8725,207,2023,8,August,32,1,Tuesday,3,82.75862068965517,2.372492836676218,153.6,-82,-18436,40,8518,170.28571428571428,247.0,74.02243135292942,2.9847086847402102,-123.57142857142857,180.78571428571428,242.0,72.28758515444532,3.0917373864504234,-105.5,181.86666666666667,215.26666666666668,78.63524433851381,3.059045041054468,-84.86666666666666
2023-08-09,118,139,168,8888,251,2023,8,August,32,2,Wednesday,3,120.86330935251799,2.824032403240324,142.3728813559322,-133,-18569,-29,8637,168.85714285714286,251.42857142857142,82.0753678856908,2.985211482272711,-130.57142857142858,177.5,239.85714285714286,75.38237640219246,3.0113934390226773,-105.42857142857143,180.13333333333333,218.46666666666667,79.40476205767183,3.0658604302154897,-89.26666666666667
2023-08-10,142,235,139,8914,353,2023,8,August,32,3,Thursday,3,59.148936170212764,3.960062822526363,97.88732394366197,-211,-18780,96,8561,164.0,277.85714285714283,80.4787583025737,3.2547481450771594,-149.14285714285714,172.21428571428572,245.35714285714286,72.6917159987661,3.014699117497435,-108.5,179.03333333333333,224.43333333333334,78.49532123654491,3.1011797438362914,-93.53333333333333
2023-08-16,148,245,175,9634,288,2023,8,August,33,2,Wednesday,3,71.42857142857143,2.9894124974050236,118.24324324324324,-140,-18920,70,9346,166.57142857142858,280.2857142857143,77.5667162927873,3.213167856303108,-142.42857142857142,174.28571428571428,252.57142857142858,74.06926701917426,3.0432266029670063,-118.0,179.76666666666668,226.93333333333334,78.4819074203142,3.0836264309127723,-93.8
2023-08-17,119,219,210,9694,407,2023,8,August,33,3,Thursday,3,95.8904109589041,4.198473282442748,176.47058823529412,-288,-19208,9,9287,174.14285714285714,290.0,80.53397254050499,3.229050894034,-159.0,176.0,271.92857142857144,76.39963165034963,3.213766210643866,-138.42857142857142,180.63333333333333,230.2,79.52620766865195,3.0490879916234817,-100.06666666666666
2023-08-20,105,210,149,9483,390,2023,8,August,33,6,Sunday,3,70.95238095238095,4.112622587788675,141.9047619047619,-285,-19493,61,9093,172.71428571428572,299.7142857142857,81.39888993603462,3.2622179606846635,-169.28571428571428,175.35714285714286,284.42857142857144,77.86199934503134,3.3066992462770743,-157.85714285714286,178.36666666666667,239.06666666666666,79.5876776919054,3.1187144460894047,-111.56666666666666
2023-08-21,143,203,163,9668,281,2023,8,August,34,0,Monday,3,80.29556650246306,2.906495655771618,113.98601398601397,-138,-19631,40,9387,170.85714285714286,311.0,83.04825657924364,3.337656012264424,-182.42857142857142,173.21428571428572,286.0,78.52911964142575,3.275719542850761,-157.07142857142858,176.13333333333333,242.86666666666667,78.69830510245262,3.1257112036984984,-114.16666666666667
2023-08-22,119,209,152,9921,230,2023,8,August,34,1,Tuesday,3,72.72727272727273,2.3183146860195545,127.73109243697478,-111,-19742,57,9691,165.14285714285714,314.2857142857143,81.61520687033187,3.3299162764563297,-186.57142857142858,167.71428571428572,280.64285714285717,77.81881911163065,3.15731248059827,-155.07142857142858,175.26666666666668,243.7,77.45999608636583,3.0934622606311053,-114.4
2023-08-23,155,212,181,10071,285,2023,8,August,34,2,Wednesday,3,85.37735849056604,2.829907655644921,116.77419354838709,-130,-19872,31,9786,167.0,319.14285714285717,76.54578531862444,3.3307555982284147,-186.14285714285714,167.92857142857142,285.2857142857143,79.31057660215761,3.1579835402505627,-158.35714285714286,175.43333333333334,246.66666666666666,77.21818873780576,3.082653582228453,-115.5
2023-08-24,109,214,173,10026,443,2023,8,August,34,3,Thursday,3,80.8411214953271,4.418511869140236,158.71559633027522,-334,-20206,41,9583,171.85714285714286,332.0,79.64466893649792,3.396248319173254,-203.71428571428572,167.92857142857142,304.92857142857144,80.0617136195358,3.3254982321252067,-176.42857142857142,175.66666666666666,256.0,77.59769055612976,3.1443190739900033,-126.76666666666667
2023-08-27,191,283,192,9873,488,2023,8,August,34,6,Sunday,3,67.84452296819788,4.942773219892636,100.52356020942408,-297,-20503,91,9385,174.28571428571428,360.57142857142856,79.1326620135874,3.6752998509571984,-226.14285714285714,170.42857142857142,320.42857142857144,78.34968915318736,3.444233853630153,-184.28571428571428,176.43333333333334,267.5,77.25114996371167,3.2357222769389224,-135.73333333333332
2023-08-28,170,297,196,10012,388,2023,8,August,35,0,Monday,3,65.993265993266,3.8753495805033964,115.29411764705881,-218,-20721,101,9624,172.28571428571428,357.85714285714283,74.86164130421052,3.6291393221087196,-216.14285714285714,173.21428571428572,323.92857142857144,77.69780692235777,3.4290951080713605,-187.57142857142858,176.53333333333333,273.43333333333334,75.37919553901462,3.257555097132465,-138.8
2023-08-29,152,272,214,10180,286,2023,8,August,35,1,Tuesday,3,78.67647058823529,2.8094302554027504,140.78947368421052,-134,-20855,58,9894,181.57142857142858,343.0,75.96508268076116,3.44296898891073,-194.57142857142858,177.14285714285714,321.35714285714283,78.6819863083979,3.352593474797697,-181.92857142857142,177.26666666666668,275.43333333333334,75.18236129871057,3.2371304928859463,-140.06666666666666
2023-08-30,239,367,224,10280,366,2023,8,August,35,2,Wednesday,3,61.03542234332425,3.5603112840466924,93.72384937238493,-127,-20982,143,9914,190.28571428571428,355.14285714285717,73.2136335151699,3.5363712215214553,-193.0,180.57142857142858,333.07142857142856,78.13094504720677,3.4370136168929397,-187.71428571428572,179.4,280.3666666666667,74.72466353881515,3.243459566196676,-139.96666666666667
2023-08-31,113,280,237,10140,505,2023,8,August,35,3,Thursday,3,84.64285714285714,4.980276134122287,209.73451327433628,-392,-21374,43,9635,202.42857142857142,394.42857142857144,74.91585986025338,3.916651428393274,-233.14285714285714,183.78571428571428,354.35714285714283,78.26553336529263,3.623283852424802,-209.85714285714286,182.0,291.8666666666667,74.9980151871668,3.32905059615998,-151.46666666666667
2023-09-04,196,306,187,9988,293,2023,9,September,36,0,Monday,3,61.111111111111114,2.933520224269123,95.40816326530613,-97,-21471,119,9695,203.28571428571428,395.57142857142856,71.44925309175983,3.931453223911017,-228.42857142857142,185.14285714285714,357.35714285714283,73.99751920519213,3.631104411069716,-207.28571428571428,183.23333333333332,295.6,75.28066625929155,3.3390642612827905,-154.46666666666667
2023-09-05,236,330,222,10142,243,2023,9,September,36,1,Tuesday,3,67.27272727272727,2.3959771248274504,94.0677966101695,-7,-21478,108,9899,210.28571428571428,367.0,69.51091105995985,3.6425196890091907,-181.71428571428572,191.07142857142858,349.5,74.5777899982289,3.519384004091222,-192.71428571428572,183.76666666666668,296.1666666666667,74.537583255339,3.3113264897783243,-150.63333333333333
2023-09-06,81,230,242,10356,291,2023,9,September,36,2,Wednesday,3,105.21739130434781,2.809965237543453,298.7654320987654,-210,-21688,-12,10065,217.42857142857142,338.85714285714283,74.8498922508384,3.337832834387879,-169.28571428571428,195.85714285714286,349.7142857142857,76.9912771322129,3.506566342672539,-197.71428571428572,184.7,296.5,75.46028856934865,3.273363742122147,-153.16666666666666
2023-09-07,118,245,160,10419,398,2023,9,September,36,3,Thursday,3,65.3061224489796,3.819944332469527,135.59322033898303,-280,-21968,85,10021,212.28571428571428,340.2857142857143,74.75172888736893,3.3299177989544693,-178.14285714285714,192.28571428571428,349.07142857142856,74.80668509578973,3.4795285605315946,-197.14285714285714,182.93333333333334,300.56666666666666,74.40988659037524,3.270235775741806,-156.9
2023-09-10,218,283,208,10282,382,2023,9,September,36,6,Sunday,3,73.4982332155477,3.715230499902743,95.41284403669725,-164,-22132,75,9900,211.42857142857142,354.0,74.0119806912707,3.459317833883039,-182.42857142857142,196.5,348.5,74.98853168601592,3.4511434113968846,-188.5,185.0,307.06666666666666,75.12173245946494,3.3077425357108634,-162.13333333333333
2023-09-11,132,243,183,10492,277,2023,9,September,37,0,Monday,3,75.30864197530865,2.640106747998475,138.63636363636365,-145,-22277,60,10215,205.57142857142858,341.2857142857143,76.05101206726847,3.3278600430190086,-185.0,197.92857142857142,348.2142857142857,74.63232279121918,3.4321156322702318,-189.0,184.9,311.76666666666665,75.52317698789358,3.335382134811922,-166.9
2023-09-12,224,315,152,10649,316,2023,9,September,37,1,Tuesday,3,48.25396825396825,2.967414780730585,67.85714285714286,-92,-22369,163,10333,193.42857142857142,314.2857142857143,70.85259936885576,3.0403084211059084,-142.14285714285714,197.92857142857142,354.35714285714283,72.88422961455457,3.4784799247495917,-187.64285714285714,184.7,315.1333333333333,75.44900148879795,3.340577291205483,-169.53333333333333
2023-09-13,167,326,213,10678,343,2023,9,September,37,2,Wednesday,3,65.33742331288343,3.212212024723731,127.54491017964071,-176,-22545,113,10335,197.14285714285714,321.42857142857144,71.45635825482324,3.0801215354565663,-153.42857142857142,200.21428571428572,358.5,71.45280567329154,3.5057873796837917,-190.92857142857142,185.36666666666667,317.93333333333334,75.26171952079603,3.3363106419049404,-170.43333333333334
2023-09-14,209,353,232,10837,414,2023,9,September,37,3,Thursday,3,65.72237960339945,3.8202454553843315,111.00478468899522,-205,-22750,121,10423,198.57142857142858,345.85714285714283,71.23488001634783,3.283588439821835,-181.71428571428572,204.42857142857142,356.42857142857144,70.37289553815384,3.4630540644155126,-181.71428571428572,185.46666666666667,321.56666666666666,74.69674950276253,3.331118371832604,-172.63333333333333
2023-09-17,153,253,286,10799,427,2023,9,September,37,6,Sunday,3,113.04347826086956,3.954069821279748,186.9281045751634,-274,-23024,-33,10372,204.85714285714286,365.2857142857143,72.35289243870808,3.447031951784163,-190.85714285714286,211.14285714285714,352.07142857142856,73.60139234477325,3.392432393086021,-180.07142857142858,189.06666666666666,328.46666666666664,76.31510699068524,3.3689036051915013,-178.96666666666667
2023-09-18,180,337,219,10892,313,2023,9,September,38,0,Monday,3,64.98516320474778,2.8736687477047376,121.66666666666666,-133,-23157,118,10579,213.28571428571428,353.14285714285717,72.30704111810356,3.311849725389193,-169.85714285714286,212.78571428571428,346.7142857142857,73.52938500273623,3.3208837621718312,-174.0,190.6,333.3,76.13710565577576,3.395582357351819,-180.7
2023-09-19,133,287,189,11095,260,2023,9,September,38,1,Tuesday,3,65.85365853658537,2.3433979269941414,142.10526315789474,-127,-23284,98,10835,210.57142857142858,335.7142857142857,71.21495902110892,3.115873643545107,-164.57142857142858,211.0,344.85714285714283,72.61346985618981,3.2875957387140735,-173.5,191.66666666666666,332.93333333333334,75.27179875709272,3.36434647095751,-178.7
2023-09-20,187,310,247,11064,364,2023,9,September,38,2,Wednesday,3,79.6774193548387,3.2899493853940713,132.0855614973262,-177,-23461,63,10700,219.71428571428572,348.14285714285717,71.8390700753275,3.2087083060301924,-169.14285714285714,212.64285714285714,344.7142857142857,73.94504107129798,3.268284174524601,-177.07142857142858,194.66666666666666,333.76666666666665,75.423725494758,3.337768383193096,-178.86666666666667
2023-09-21,168,285,210,11067,428,2023,9,September,38,3,Thursday,3,73.68421052631578,3.8673533929700907,125.0,-260,-23721,75,10639,228.0,364.14285714285717,75.47196182852001,3.33727096492155,-193.14285714285714,210.71428571428572,339.2142857142857,73.16228059868789,3.188789693013729,-167.64285714285714,196.36666666666667,337.3,75.71660053951275,3.337331725584298,-180.43333333333334
2023-09-24,269,412,204,10744,403,2023,9,September,38,6,Sunday,3,49.51456310679612,3.7509307520476542,75.8364312267658,-134,-23855,208,10341,226.71428571428572,372.7142857142857,73.21155322765038,3.414230783110682,-187.14285714285714,211.92857142857142,347.07142857142856,72.33395574123682,3.2471761592836237,-170.28571428571428,197.3,344.0,75.07541930973929,3.38308177416211,-183.36666666666667
2023-09-25,100,255,236,10842,284,2023,9,September,39,0,Monday,3,92.54901960784314,2.6194429072126915,236.0,-184,-24039,19,10558,227.28571428571428,354.14285714285717,77.04393037114235,3.2426875619433053,-184.14285714285714,212.92857142857142,350.0,74.1394051937451,3.26313800088257,-182.92857142857142,198.76666666666668,346.56666666666666,75.40176594034554,3.391313443179993,-186.76666666666668
2023-09-26,205,294,177,10978,332,2023,9,September,39,1,Tuesday,3,60.204081632653065,3.0242302787392967,86.34146341463415,-127,-24166,117,10646,211.71428571428572,340.57142857142856,69.49544513853999,3.1098533415803833,-163.14285714285714,208.28571428571428,352.92857142857144,70.92416878862404,3.278442646682273,-177.0,199.06666666666666,349.26666666666665,73.3797916830167,3.397986705696625,-186.56666666666666
2023-09-27,161,304,211,11017,331,2023,9,September,39,2,Wednesday,3,69.4078947368421,3.0044476717799764,131.055900621118,-170,-24336,93,10686,210.57142857142858,343.14285714285717,70.12726392883918,3.128536045019703,-168.42857142857142,211.92857142857142,348.14285714285717,71.21715252347136,3.220192885204448,-169.14285714285714,201.46666666666667,348.53333333333336,73.72175696857103,3.366132867338412,-185.2
2023-09-28,57,162,193,10984,447,2023,9,September,39,3,Thursday,3,119.1358024691358,4.0695557174071375,338.59649122807014,-390,-24726,-31,10537,211.14285714285714,369.85714285714283,77.73899877634639,3.375130015078703,-206.0,210.85714285714286,352.7857142857143,74.47697889872767,3.2455018293119053,-185.28571428571428,202.06666666666666,353.8333333333333,75.31199800325652,3.4021376413384825,-193.53333333333333
2023-10-01,80,122,152,10598,493,2023,10,October,39,6,Sunday,4,124.59016393442623,4.651821098320438,190.0,-413,-25139,-30,10105,197.57142857142858,388.2857142857143,84.1551051448589,3.5696831169253262,-239.71428571428572,208.64285714285714,368.2142857142857,77.9970876100932,3.389195711477759,-204.42857142857142,200.13333333333333,356.7,76.2686564357739,3.417249235201072,-197.7
2023-10-02,107,170,133,10724,284,2023,10,October,40,0,Monday,4,78.23529411764706,2.648265572547557,124.29906542056075,-177,-25316,37,10440,186.57142857142858,367.7142857142857,84.80525994362051,3.395527714007822,-227.85714285714286,207.28571428571428,365.92857142857144,80.13861088607027,3.3663993394646856,-210.5,199.6,353.1666666666667,76.51142020794944,3.3684373346930347,-194.1
2023-10-03,99,156,139,10818,287,2023,10,October,40,1,Tuesday,4,89.1025641025641,2.6529857644666297,140.4040404040404,-188,-25504,17,10531,177.28571428571428,351.14285714285717,90.46068865730163,3.2386784300676754,-235.57142857142858,202.0,361.92857142857144,81.83612094247601,3.3264546065891785,-211.35714285714286,198.8,353.3666666666667,76.8049867946195,3.359987004982869,-195.76666666666668
2023-10-04,25,66,94,10963,330,2023,10,October,40,2,Wednesday,4,142.42424242424244,3.0101249657940343,376.0,-305,-25809,-28,10633,157.0,357.7142857142857,97.58572048821581,3.2944901527221524,-252.85714285714286,192.14285714285714,355.92857142857144,87.31482542967909,3.268588857332729,-218.5,196.86666666666667,356.7,79.1282191178518,3.383047347642018,-202.23333333333332
2023-10-05,35,70,53,11130,427,2023,10,October,40,3,Thursday,4,75.71428571428571,3.8364779874213837,151.42857142857142,-392,-26201,17,10703,139.28571428571428,371.2857142857143,99.80146392844907,3.4105255396767364,-290.7142857142857,175.5,355.92857142857144,84.64845453349453,3.2601894406285603,-226.92857142857142,192.6,361.43333333333334,78.80611669197579,3.4165996920345667,-210.96666666666667
2023-10-09,43,73,64,10815,282,2023,10,October,41,0,Monday,4,87.67123287671232,2.6074895977808596,148.8372093023256,-239,-26440,9,10533,118.28571428571429,364.2857142857143,102.41051223414482,3.353817243391149,-300.57142857142856,164.42857142857142,353.7142857142857,86.26888808149201,3.2411766442054257,-234.5,188.96666666666667,356.06666666666666,79.0337870713553,3.3562322829892546,-207.8
2023-10-10,41,60,71,10910,257,2023,10,October,41,1,Tuesday,4,118.33333333333333,2.3556370302474794,173.17073170731706,-216,-26656,-11,10653,100.85714285714286,337.14285714285717,102.29587378617303,3.1089717166540547,-275.7142857142857,156.0,353.5,90.0174362812597,3.2420508658663785,-240.85714285714286,184.93333333333334,348.3666666666667,80.7167474168598,3.2699944100010825,-205.1
2023-10-11,65,83,65,10960,266,2023,10,October,41,2,Wednesday,4,78.3132530120482,2.4270072992700733,100.0,-201,-26857,18,10694,88.42857142857143,304.7142857142857,95.68488651154759,2.7911411739325738,-245.42857142857142,143.0,346.5,89.91999582820324,3.18041214542895,-242.57142857142858,180.56666666666666,344.3,81.12741365081924,3.221716333959972,-204.53333333333333
2023-10-12,38,80,82,10992,398,2023,10,October,41,3,Thursday,4,102.49999999999999,3.620815138282387,215.78947368421052,-360,-27217,-2,10594,81.14285714285714,321.0,99.15127306616944,2.930076826180407,-271.57142857142856,133.85714285714286,344.35714285714283,91.97826650489496,3.1628022700941143,-249.71428571428572,176.16666666666666,348.03333333333336,81.92153129787805,3.2487624967226263,-212.06666666666666
2023-10-15,56,82,68,10571,434,2023,10,October,41,6,Sunday,4,82.92682926829268,4.105571847507331,121.42857142857142,-378,-27595,14,10137,71.0,342.0,98.26902523270209,3.1375891237576496,-298.7142857142857,124.14285714285714,346.57142857142856,94.36485694500188,3.1881337769126623,-267.14285714285717,170.96666666666667,350.3,82.65124486204367,3.266937848837981,-220.43333333333334
2023-10-16,74,103,80,10629,331,2023,10,October,42,0,Monday,4,77.66990291262135,3.1141217424028604,108.10810810810811,-257,-27852,23,10298,69.0,342.14285714285717,89.01840530247053,3.152445806130339,-291.85714285714283,113.0,349.92857142857144,93.30206289534317,3.223467979426246,-272.35714285714283,165.73333333333332,344.5,82.41881305436912,3.204732702447333,-215.93333333333334
2023-10-17,68,107,102,10630,315,2023,10,October,42,1,Tuesday,4,95.32710280373831,2.9633113828786453,150.0,-247,-28099,5,10315,76.0,326.14285714285717,91.82023631524945,3.0277077197670907,-271.14285714285717,107.64285714285714,348.7142857142857,95.81085012184926,3.219116629721914,-280.92857142857144,162.9,345.23333333333335,83.55934611079005,3.205725741067651,-220.93333333333334
2023-10-18,92,124,93,10511,393,2023,10,October,42,2,Wednesday,4,75.0,3.738940157929788,101.08695652173914,-301,-28400,31,10118,80.14285714285714,342.0,90.01006019000484,3.1893435140740807,-280.0,99.21428571428571,353.14285714285717,96.21028621207482,3.2715803787326148,-290.2857142857143,158.6,350.23333333333335,83.8169218683658,3.2504911755043953,-230.73333333333332
2023-10-19,113,162,107,10319,406,2023,10,October,42,3,Thursday,4,66.0493827160494,3.9344897761410986,94.69026548672566,-293,-28693,55,9913,85.28571428571429,363.2857142857143,82.5409243875357,3.4148939063445978,-291.0,93.07142857142857,350.2142857142857,92.41839908685436,3.2619328114993267,-283.35714285714283,154.1,354.06666666666666,82.5113215820892,3.2879753267909835,-233.5
2023-10-22,106,196,131,9506,454,2023,10,October,42,6,Sunday,4,66.83673469387756,4.775930990953083,123.58490566037736,-348,-29041,65,9052,94.71428571428571,390.14285714285717,80.9014217706542,3.7504544337278847,-312.0,91.57142857142857,347.42857142857144,88.29315414110089,3.2707978038302294,-278.7142857142857,153.13333333333333,355.93333333333334,82.56234199025245,3.319841548740435,-235.76666666666668
2023-10-23,86,152,168,9436,327,2023,10,October,43,0,Monday,4,110.5263157894737,3.4654514624841037,195.3488372093023,-241,-29282,-16,9109,107.0,380.0,82.04803831200756,3.728259622899558,-295.0,94.07142857142857,350.5,90.59965568908851,3.3291682245399827,-283.2857142857143,151.8,354.1,83.79661140938332,3.3115155808264807,-238.33333333333334
2023-10-24,84,118,136,9396,300,2023,10,October,43,1,Tuesday,4,115.2542372881356,3.1928480204342273,161.9047619047619,-216,-29498,-18,9096,116.71428571428571,360.85714285714283,86.6662394576994,3.597870504746258,-271.85714285714283,93.85714285714286,351.42857142857144,92.46763234520076,3.367729814251954,-285.2857142857143,150.23333333333332,354.8666666666667,85.12813125314422,3.3299402899076727,-240.7
2023-10-25,59,64,117,9351,293,2023,10,October,43,2,Wednesday,4,182.8125,3.1333547214201687,198.3050847457627,-234,-29732,-53,9058,122.0,355.42857142857144,101.68661047018209,3.600618073177302,-268.57142857142856,95.5,348.7857142857143,95.3525078863263,3.3765319396538205,-280.2142857142857,149.06666666666666,354.1,89.61341564467861,3.335471621263992,-245.43333333333334
2023-10-26,62,97,52,9235,390,2023,10,October,43,3,Thursday,4,53.608247422680414,4.223064428803465,83.87096774193549,-328,-30060,45,8845,114.85714285714286,366.14285714285717,95.7267739871738,3.780582794023705,-280.14285714285717,95.42857142857143,346.14285714285717,93.77350515121164,3.404145256895398,-275.64285714285717,143.7,355.6666666666667,89.22244311500518,3.369166701399983,-250.5
2023-10-29,91,75,97,8925,418,2023,10,October,43,6,Sunday,4,129.33333333333331,4.6834733893557425,106.5934065934066,-327,-30387,-22,8507,115.42857142857143,369.7142857142857,103.48867874907856,3.915516112798841,-283.85714285714283,97.78571428571429,355.85714285714283,96.74936946954169,3.552429813436461,-281.92857142857144,139.2,355.8,91.3428082393363,3.3979409658656965,-254.56666666666666
2023-10-30,29,51,11,9026,278,2023,10,October,44,0,Monday,4,21.568627450980394,3.079991136716153,37.93103448275862,-249,-30636,40,8748,101.71428571428571,351.42857142857144,97.13428513978302,3.7934448785952775,-277.57142857142856,93.5,357.35714285714283,89.83760476365934,3.6041693924699376,-284.2857142857143,130.03333333333333,350.8333333333333,88.29364654567333,3.368805009713577,-253.73333333333332
2023-10-31,33,53,34,9072,295,2023,10,October,44,1,Tuesday,4,64.15094339622641,3.2517636684303355,103.03030303030303,-262,-30898,19,8777,87.85714285714286,328.7142857142857,96.75060066868998,3.5757066896634564,-265.2857142857143,91.28571428571429,359.42857142857144,88.82601121967208,3.6630805616956708,-288.64285714285717,123.86666666666666,350.23333333333335,88.26583921872262,3.3814081737377633,-258.03333333333336
2023-11-01,132,235,197,9250,279,2023,11,November,44,2,Wednesday,4,83.82978723404256,3.016216216216216,149.24242424242425,-147,-31045,38,8971,92.0,321.85714285714283,92.93681087505695,3.5115302259109016,-251.85714285714286,99.5,350.92857142857144,87.49242459353228,3.61989492440523,-273.42857142857144,124.13333333333334,350.8666666666667,88.86504350863787,3.403835450045166,-258.7
2023-11-02,174,208,256,9442,330,2023,11,November,44,3,Thursday,4,123.07692307692308,3.495022241050625,147.1264367816092,-156,-31201,-48,9112,109.14285714285714,326.14285714285717,94.05433741631232,3.5546979717132436,-243.28571428571428,112.92857142857143,343.5,90.36028843700585,3.5762842382297504,-257.57142857142856,124.43333333333334,349.73333333333335,90.31169363270733,3.4106712119003846,-258.0
2023-11-05,123,230,167,9273,370,2023,11,November,44,6,Sunday,4,72.60869565217392,3.9900787231748085,135.77235772357724,-247,-31448,63,8903,116.28571428571429,337.14285714285717,78.3109367951943,3.6770871148210493,-245.14285714285714,119.14285714285714,346.2857142857143,89.99877363268818,3.6388525939991756,-256.85714285714283,123.0,347.8,90.27584313690262,3.4147620562405416,-257.56666666666666
2023-11-06,123,233,159,9286,316,2023,11,November,45,0,Monday,4,68.24034334763948,3.4029722162395006,129.26829268292684,-193,-31641,74,8970,131.57142857142858,326.57142857142856,80.40123621304558,3.5599310844547687,-225.85714285714286,123.21428571428571,346.35714285714283,88.06400510010971,3.670256939239237,-253.0,121.5,344.9,90.90003581159739,3.4031634383802696,-259.53333333333336
2023-11-07,141,232,188,9483,231,2023,11,November,45,1,Tuesday,4,81.03448275862068,2.4359379943055997,133.33333333333331,-90,-31731,44,9252,144.57142857142858,299.85714285714283,73.50140041665807,3.2388545994476057,-192.0,130.0,334.7857142857143,88.49503958286833,3.5771853561232234,-237.92857142857142,119.9,343.1333333333333,90.51621791662332,3.3970466079500334,-256.4
2023-11-08,158,226,191,9634,310,2023,11,November,45,2,Wednesday,4,84.51327433628319,3.2177703965123516,120.88607594936708,-152,-31883,35,9324,170.28571428571428,304.42857142857144,82.49349282884418,3.258537350847063,-178.14285714285714,136.0,327.92857142857144,89.81388898431359,3.5259911147211698,-227.85714285714286,120.36666666666666,342.4,91.32652434007765,3.403497945209135,-257.23333333333335
2023-11-12,96,160,233,9477,313,2023,11,November,45,6,Sunday,4,145.625,3.302732932362562,242.70833333333334,-217,-32100,-73,9164,198.71428571428572,307.0,94.1326437722404,3.265818674265952,-171.71428571428572,143.28571428571428,317.85714285714283,95.4416222204652,3.420762681964704,-218.5,121.1,341.8,93.86709451551624,3.413440787228555,-258.8
2023-11-13,141,173,129,9510,287,2023,11,November,46,0,Monday,4,74.56647398843931,3.017875920084122,91.48936170212765,-146,-32246,44,9223,189.0,308.14285714285717,92.80931330858282,3.26605577481851,-171.57142857142858,140.5,315.0,92.87306209181988,3.3887930003647058,-211.71428571428572,118.96666666666667,336.46666666666664,92.38145023282637,3.3783847939844542,-250.66666666666666
2023-11-14,116,181,182,9665,247,2023,11,November,46,1,Tuesday,4,100.55248618784532,2.555613036730471,156.89655172413794,-131,-32377,-1,9418,178.42857142857142,296.2857142857143,89.59153661014314,3.1318544599156306,-168.0,143.78571428571428,311.2142857142857,91.82293701322772,3.3432762158144373,-205.64285714285714,119.96666666666667,328.26666666666665,91.58019430794032,3.308511191931456,-241.26666666666668
2023-11-15,150,157,201,9762,316,2023,11,November,46,2,Wednesday,4,128.02547770700636,3.237041589838148,134.0,-166,-32543,-44,9446,183.28571428571428,288.57142857142856,97.50821976083348,3.0242777265818224,-156.42857142857142,149.78571428571428,312.85714285714283,87.9095782780139,3.350682420701436,-200.78571428571428,122.23333333333333,329.3333333333333,93.2398670942523,3.328137059174475,-240.9
2023-11-16,80,176,125,9762,374,2023,11,November,46,3,Thursday,4,71.02272727272727,3.831182134808441,156.25,-294,-32837,51,9388,178.42857142857142,296.85714285714283,97.90570317870318,3.0854505720916707,-170.85714285714286,155.0,311.7142857142857,89.15346969587438,3.32269082827322,-198.35714285714286,121.76666666666667,332.23333333333335,92.63720586659107,3.3674102715192022,-244.43333333333334
2023-11-19,116,188,164,9573,435,2023,11,November,46,6,Sunday,4,87.2340425531915,4.544030084612974,141.3793103448276,-319,-33156,24,9138,175.0,326.0,98.79135457792758,3.386606584992724,-203.57142857142858,159.78571428571428,312.92857142857144,86.14637749729283,3.312730592220165,-197.78571428571428,124.1,335.73333333333335,90.79753253755605,3.4185404421465,-244.9
2023-11-20,105,185,158,9638,298,2023,11,November,47,0,Monday,4,85.4054054054054,3.091927785847686,150.47619047619048,-193,-33349,27,9340,170.28571428571428,324.2857142857143,98.91880187351646,3.3686290691834864,-209.42857142857142,170.28571428571428,314.35714285714283,90.70614735118033,3.3135832100152744,-193.78571428571428,127.6,331.43333333333334,91.12056986059338,3.393722102094044,-238.26666666666668
2023-11-21,136,246,123,9804,250,2023,11,November,47,1,Tuesday,4,50.0,2.5499796001631987,90.44117647058823,-114,-33463,123,9554,154.57142857142858,315.2857142857143,85.25808758780217,3.2610928788692917,-194.71428571428572,176.64285714285714,311.14285714285717,89.6953656800213,3.2634557765676218,-183.21428571428572,129.56666666666666,330.3666666666667,89.8648620980363,3.3918051021734548,-234.1
2023-11-23,128,228,177,9838,283,2023,11,November,47,3,Thursday,4,77.63157894736842,2.876600935149421,138.28125,-155,-33618,51,9555,161.42857142857142,314.7142857142857,85.69595972479203,3.240910738164334,-196.0,175.21428571428572,311.42857142857144,89.25263651668742,3.2534832564914216,-183.78571428571428,133.1,331.23333333333335,88.50813695183747,3.4091705656701863,-232.06666666666666
2023-11-26,90,196,205,9845,312,2023,11,November,47,6,Sunday,4,104.59183673469387,3.1691213814118844,227.77777777777777,-222,-33840,-9,9533,164.71428571428572,324.0,86.27300980291326,3.328554787404536,-209.0,171.57142857142858,310.14285714285717,87.93227320652821,3.2302046236600837,-188.5,137.76666666666668,332.76666666666665,89.38408974259232,3.43390770174158,-232.76666666666668
2023-11-27,56,82,68,10123,214,2023,11,November,48,0,Monday,4,82.92682926829268,2.113997826731206,121.42857142857142,-158,-33998,14,9909,145.71428571428572,309.42857142857144,79.83034574023988,3.168119964103544,-207.85714285714286,164.5,299.0,88.66928275053668,3.096198845342683,-182.14285714285714,137.3,326.6333333333333,88.73165071820208,3.3836804580232074,-226.03333333333333
2023-11-28,74,103,80,10223,223,2023,11,November,48,1,Tuesday,4,77.66990291262135,2.1813557664090775,108.10810810810811,-149,-34147,23,10000,139.28571428571428,287.85714285714283,80.77994226022474,2.932430482903635,-187.14285714285714,158.85714285714286,292.35714285714283,89.34282271946395,3.008940527497653,-179.0,137.7,319.6,88.55641983967969,3.3195399219865984,-218.4
2023-11-29,68,107,102,10398,284,2023,11,November,48,2,Wednesday,4,95.32710280373831,2.7312944797076364,150.0,-216,-34363,5,10114,130.42857142857142,266.2857142857143,81.93609372458857,2.6734682536314445,-172.42857142857142,152.71428571428572,296.14285714285717,90.36372415125808,3.0300374193120843,-188.0,138.43333333333334,318.03333333333336,89.1449931693836,3.3067790132300914,-217.03333333333333
2023-11-30,92,124,93,10536,320,2023,11,November,48,3,Thursday,4,75.0,3.037205770690964,101.08695652173914,-228,-34591,31,10216,121.14285714285714,269.42857142857144,80.44960723810209,2.6656508228947695,-177.42857142857142,145.71428571428572,296.85714285714283,89.68420455580929,3.0171399460391277,-193.42857142857142,138.13333333333333,318.2,88.46742307592565,3.309242159490502,-216.4
2023-12-03,132,235,197,10579,417,2023,12,December,48,6,Sunday,4,83.82978723404256,3.9417714339729653,149.24242424242425,-285,-34876,38,10162,131.71428571428572,293.2857142857143,85.28243398582245,2.8644782277247365,-201.85714285714286,143.14285714285714,304.2857142857143,85.2702607868123,3.0627855532970143,-198.28571428571428,141.6,319.0,88.7617493170604,3.316003202025274,-215.86666666666667
2023-12-04,174,208,256,10635,273,2023,12,December,49,0,Monday,4,123.07692307692308,2.5669957686882934,147.1264367816092,-99,-34975,-48,10362,143.0,291.85714285714283,91.77462600433026,2.82024891823029,-193.85714285714286,152.21428571428572,303.2857142857143,88.73529286456116,3.030579828197312,-194.92857142857142,146.56666666666666,314.56666666666666,90.66266732908953,3.2704200684435145,-209.4
2023-12-05,123,230,167,10761,261,2023,12,December,49,1,Tuesday,4,72.60869565217392,2.4254251463618623,135.77235772357724,-138,-35113,63,10500,137.57142857142858,284.57142857142856,87.20560584968455,2.7140065989374293,-181.85714285714286,151.14285714285714,304.2857142857143,86.73930782629893,3.021280693170983,-195.42857142857142,147.76666666666668,308.1333333333333,90.85506602769941,3.192069873623807,-202.4
2023-12-06,123,233,159,10832,376,2023,12,December,49,2,Wednesday,4,68.24034334763948,3.471196454948301,129.26829268292684,-253,-35366,74,10456,150.57142857142858,307.7142857142857,85.10753643244838,2.907892117254157,-195.42857142857142,148.14285714285714,308.57142857142856,82.46894108634413,3.0380060406788507,-201.64285714285714,147.46666666666667,309.76666666666665,89.44553361297159,3.1922613733726135,-202.8
2023-12-07,141,232,188,10897,466,2023,12,December,49,3,Thursday,4,81.03448275862068,4.276406350371662,133.33333333333331,-325,-35691,44,10431,166.0,342.42857142857144,85.58819069616257,3.2071850578202405,-220.57142857142858,152.64285714285714,315.14285714285717,83.18406647819367,3.0698077703619377,-203.85714285714286,149.2,315.3,88.30487512865443,3.228379984370528,-206.43333333333334
2023-12-10,158,226,191,10871,411,2023,12,December,49,6,Sunday,4,84.51327433628319,3.780700947474933,120.88607594936708,-253,-35944,35,10460,178.71428571428572,360.57142857142856,84.0433580579547,3.3571002675012833,-225.85714285714286,154.57142857142858,313.42857142857144,82.98972589127163,3.015284260566364,-199.14285714285714,151.66666666666666,319.23333333333335,85.02823427319721,3.249958191905687,-207.06666666666666
2023-12-11,96,160,233,10998,304,2023,12,December,50,0,Monday,4,145.625,2.7641389343517,242.70833333333334,-208,-36152,-73,10694,198.71428571428572,358.2857142857143,94.13264377224041,3.3180907194528166,-223.0,159.92857142857142,313.85714285714283,87.29112550517127,2.9918707711737933,-200.21428571428572,157.7,316.3666666666667,88.09545935910786,3.2013273420906283,-203.06666666666666
2023-12-12,141,173,129,11077,259,2023,12,December,50,1,Tuesday,4,74.56647398843931,2.338178207095784,91.48936170212765,-118,-36270,44,10818,189.0,335.7142857142857,92.8093133085828,3.0890059727560764,-199.14285714285714,160.35714285714286,314.5,89.04587364720264,2.976742100240407,-200.5,158.76666666666668,311.06666666666666,86.26989738094473,3.1231508360152964,-196.1
2023-12-13,116,181,182,11192,335,2023,12,December,50,2,Wednesday,4,100.55248618784532,2.9932094353109364,156.89655172413794,-219,-36489,-1,10857,178.42857142857142,344.57142857142856,89.59153661014314,3.149893639416454,-216.28571428571428,160.71428571428572,318.2142857142857,90.68308130723669,2.9850712788233724,-205.07142857142858,164.46666666666667,312.96666666666664,88.90269267217356,3.120258112635122,-195.1
2023-12-14,150,157,201,11242,396,2023,12,December,50,3,Thursday,4,128.02547770700636,3.522504892367906,134.0,-246,-36735,-44,10846,183.28571428571428,363.85714285714283,97.5082197608335,3.3066193174173177,-231.71428571428572,160.42857142857142,324.2142857142857,92.356912805259,3.0103129581773738,-206.78571428571428,170.03333333333333,316.3333333333333,91.03184381586622,3.129282820099708,-194.56666666666666
2023-12-17,80,176,125,11092,456,2023,12,December,50,6,Sunday,4,71.02272727272727,4.111071042192571,156.25,-376,-37111,51,10636,178.42857142857142,375.2857142857143,97.90570317870318,3.3980299727379273,-249.28571428571428,164.5,341.5,91.50661980557577,3.152961044996043,-222.35714285714286,167.63333333333333,322.23333333333335,90.60494181715572,3.1657779809655864,-202.2
2023-12-18,116,188,164,11149,364,2023,12,December,51,0,Monday,4,87.2340425531915,3.264866804197686,141.3793103448276,-248,-37359,24,10785,175.0,360.7142857142857,98.79135457792756,3.2535243232845024,-238.28571428571428,170.5,351.57142857142856,92.18977263704507,3.2303546905523715,-229.42857142857142,164.56666666666666,323.3666666666667,89.41017913303133,3.1581061330704885,-205.26666666666668
2023-12-19,105,185,158,11291,272,2023,12,December,51,1,Tuesday,4,85.4054054054054,2.4089983172438227,150.47619047619048,-167,-37526,27,11019,170.28571428571428,340.85714285714283,98.91880187351646,3.057566804680058,-226.0,174.5,350.7142857142857,91.48107996573557,3.2073335360906703,-225.92857142857142,164.26666666666668,320.1,89.8367361248057,3.1054034528727894,-202.6
2023-12-20,136,246,123,11516,390,2023,12,December,51,2,Wednesday,4,50.0,3.386592566863494,90.44117647058823,-254,-37780,123,11126,154.57142857142858,353.14285714285717,85.25808758780217,3.146488752181743,-232.57142857142858,176.64285714285714,355.7142857142857,89.69536568002128,3.2322897358172797,-227.78571428571428,163.06666666666666,322.56666666666666,89.2287246798844,3.1048574645602556,-204.63333333333333
2023-12-21,128,228,177,11375,497,2023,12,December,51,3,Thursday,4,77.63157894736842,4.369230769230769,138.28125,-369,-38149,51,10878,161.42857142857142,387.14285714285717,85.69595972479205,3.4366391182010267,-268.42857142857144,175.21428571428572,361.42857142857144,89.25263651668742,3.2628225454785516,-233.78571428571428,162.7,331.43333333333334,89.11529455284266,3.169300557057761,-213.93333333333334
2023-12-25,90,196,205,11144,347,2023,12,December,52,0,Monday,4,104.59183673469387,3.1137832017229004,227.77777777777777,-257,-38406,-9,10797,164.71428571428572,388.85714285714283,86.27300980291326,3.453863941974164,-273.85714285714283,171.57142857142858,366.7142857142857,87.9322732065282,3.301878790695309,-245.07142857142858,163.16666666666666,332.6666666666667,89.78457996612299,3.165834317231446,-217.43333333333334
2023-12-26,56,82,68,11217,288,2023,12,December,52,1,Tuesday,4,82.92682926829268,2.5675314255148436,121.42857142857142,-232,-38638,14,10929,145.71428571428572,373.42857142857144,79.83034574023988,3.3174391609951557,-271.85714285714283,164.5,368.64285714285717,88.66928275053668,3.3120292392062365,-251.78571428571428,157.66666666666666,331.8333333333333,87.69464094173276,3.1413276003365223,-217.93333333333334
2023-12-27,74,103,80,11206,335,2023,12,December,52,2,Wednesday,4,77.66990291262135,2.989469926824915,108.10810810810811,-261,-38899,23,10871,139.28571428571428,356.14285714285717,80.77994226022474,3.157210430228347,-255.42857142857142,158.85714285714286,365.7142857142857,89.34282271946394,3.277620201483138,-252.35714285714286,156.03333333333333,333.43333333333334,87.79808857253883,3.140380733894548,-221.76666666666668
2023-12-28,68,107,102,11230,357,2023,12,December,52,3,Thursday,4,95.32710280373831,3.1789848619768475,150.0,-289,-39188,5,10873,130.42857142857142,355.14285714285717,81.93609372458857,3.1449415813396557,-261.2857142857143,152.71428571428572,357.92857142857144,90.36372415125808,3.1992329523120793,-249.78571428571428,153.36666666666667,337.1,87.62390912640194,3.1611597947360943,-227.03333333333333
2024-01-01,92,124,93,10870,290,2024,1,January,1,0,Monday,1,75.0,2.667893284268629,101.08695652173914,-198,-39386,31,10580,121.14285714285714,357.7142857142857,80.44960723810209,3.1819265766289138,-265.7142857142857,145.71428571428572,349.2857142857143,89.68420455580927,3.119746690654486,-245.85714285714286,149.76666666666668,336.23333333333335,85.85639320283506,3.142188184550444,-228.1
2024-01-02,113,162,107,10770,316,2024,1,January,1,1,Tuesday,1,66.0493827160494,2.934076137418756,94.69026548672566,-203,-39589,55,10454,118.85714285714286,347.14285714285717,82.74237619753772,3.117281372422523,-258.42857142857144,136.71428571428572,350.14285714285717,84.00023189266994,3.131885062302133,-245.5,149.16666666666666,334.3,85.69061505094578,3.112284651304121,-225.06666666666666
2024-01-03,106,196,131,10718,263,2024,1,January,1,2,Wednesday,1,66.83673469387756,2.453816010449711,123.58490566037736,-157,-39746,65,10455,112.28571428571429,313.7142857142857,81.20025558989617,2.8436506925966576,-228.14285714285714,136.85714285714286,350.42857142857144,83.4481076573441,3.140144905398842,-248.28571428571428,148.06666666666666,328.56666666666666,85.01070478896865,3.042610848832012,-219.66666666666666
2024-01-04,86,152,168,10558,362,2024,1,January,1,3,Thursday,1,110.5263157894737,3.428679674180716,195.3488372093023,-276,-40022,-16,10196,107.0,315.85714285714283,82.04803831200756,2.8886359029477737,-230.85714285714286,135.85714285714286,352.35714285714283,84.16052405746042,3.171249922460969,-252.35714285714286,148.4,330.7,85.84806846843759,3.0538359117764466,-222.43333333333334
2024-01-07,84,118,136,9670,367,2024,1,January,1,6,Sunday,1,115.2542372881356,3.795243019648397,161.9047619047619,-283,-40305,-18,9303,116.71428571428571,327.14285714285717,86.6662394576994,3.0640232735382815,-238.14285714285714,131.21428571428572,350.2857142857143,83.24829259896966,3.1907312172667184,-255.0,148.83333333333334,334.6,88.02320971137546,3.0953446924259533,-228.06666666666666
2024-01-08,59,64,117,9670,367,2024,1,January,2,0,Monday,1,182.8125,3.795243019648397,198.3050847457627,-308,-40613,-53,9303,122.0,331.7142857142857,101.68661047018209,3.179133715370208,-244.85714285714286,130.64285714285714,343.92857142857144,91.23327636520342,3.168172072799277,-250.14285714285714,146.83333333333334,337.4,91.52924041312984,3.125966095242586,-233.16666666666666
2024-01-09,62,97,52,9311,286,2024,1,January,2,1,Tuesday,1,53.608247422680414,3.0716356997100203,83.87096774193549,-224,-40837,45,9025,114.85714285714286,321.57142857142856,95.7267739871738,3.163798120760661,-235.57142857142858,122.64285714285714,338.35714285714283,88.83143385588119,3.1543698510501583,-248.42857142857142,141.73333333333332,336.53333333333336,89.82978743606273,3.12271657251919,-233.23333333333332
2024-01-10,91,75,97,9144,349,2024,1,January,2,2,Wednesday,1,129.33333333333331,3.8167104111986005,106.5934065934066,-258,-41095,-22,8795,115.42857142857143,330.0,103.48867874907856,3.327914853179228,-244.14285714285714,118.28571428571429,343.85714285714283,91.96914299359034,3.254920714904071,-254.92857142857142,142.7,341.03333333333336,91.3766709048974,3.179473658668103,-236.56666666666666
2024-01-11,29,51,11,8829,476,2024,1,January,2,3,Thursday,1,21.568627450980394,5.391324045758297,37.93103448275862,-447,-41542,40,8353,101.71428571428571,352.85714285714283,97.13428513978302,3.678950268656305,-279.0,110.28571428571429,350.0,89.93833066866036,3.398115820539414,-268.7142857142857,140.4,349.46666666666664,89.50662838950939,3.2864726013130774,-246.5
2024-01-15,33,53,34,8033,234,2024,1,January,3,0,Monday,1,64.15094339622641,2.9129839412423753,103.03030303030303,-201,-41743,19,7799,87.85714285714286,348.7142857142857,96.75060066868998,3.7445456873409717,-285.2857142857143,100.07142857142857,331.2142857142857,88.97542812929308,3.294098189968815,-256.7142857142857,138.13333333333333,347.8,88.46742307592564,3.2925289166975684,-246.0
2024-01-16,32,49,39,8133,188,2024,1,January,3,1,Tuesday,1,79.59183673469387,2.311570146317472,121.875,-156,-41899,10,7945,69.42857142857143,323.85714285714283,92.33138937515,3.584958611931937,-268.14285714285717,88.21428571428571,319.85714285714283,87.18971384357879,3.236797257439856,-249.5,136.33333333333334,343.4,88.62048430041544,3.2683410625517855,-243.6
2024-01-17,80,176,125,8072,353,2024,1,January,3,2,Wednesday,1,71.02272727272727,4.373141724479683,156.25,-273,-42172,51,7719,67.85714285714286,321.85714285714283,86.01260223009167,3.6675155697649777,-266.7142857142857,92.28571428571429,324.5,86.33942084389552,3.36576942165163,-252.42857142857142,133.93333333333334,341.26666666666665,88.19358230170494,3.282720072235343,-243.2
2024-01-18,116,188,164,8042,359,2024,1,January,3,3,Thursday,1,87.2340425531915,4.464063665754788,141.3793103448276,-243,-42415,24,7683,74.57142857142857,320.7142857142857,72.3585368805476,3.763061376351605,-257.42857142857144,98.28571428571429,326.2142857142857,87.02257367536484,3.471097545860906,-251.14285714285714,130.86666666666667,344.1333333333333,86.99881961758055,3.345955668804226,-248.0
2024-01-21,105,185,158,7974,371,2024,1,January,3,6,Sunday,1,85.4054054054054,4.652621018309506,150.47619047619048,-266,-42681,27,7603,89.71428571428571,332.85714285714283,76.90098802093688,3.988916421865817,-263.42857142857144,102.28571428571429,327.2142857142857,86.31388100405535,3.576357271313239,-249.5,130.56666666666666,347.8,87.42537660935494,3.4201955312024808,-252.26666666666668
2024-01-22,136,246,123,8008,222,2024,1,January,4,0,Monday,1,50.0,2.7722277722277724,90.44117647058823,-86,-42767,123,7786,93.42857142857143,314.7142857142857,65.56765468760355,3.839704616298556,-238.85714285714286,104.42857142857143,322.35714285714283,84.52816671834105,3.5838097347388924,-241.5,129.36666666666667,342.6666666666667,86.81736516443362,3.3968965751117963,-246.7
2024-01-23,128,228,177,8133,202,2024,1,January,4,1,Tuesday,1,77.63157894736842,2.4837083487028155,138.28125,-74,-42841,51,7931,117.14285714285714,275.57142857142856,73.57664775851613,3.42433094529063,-185.57142857142858,109.42857142857143,314.2142857142857,85.35546644914955,3.551640606973468,-232.28571428571428,129.0,333.8666666666667,86.70393503739187,3.337139975056168,-238.33333333333334
2024-01-24,90,196,205,8212,243,2024,1,January,4,2,Wednesday,1,104.59183673469387,2.959084266926449,227.77777777777777,-153,-42994,-9,7969,141.57142857142858,276.85714285714283,79.35391823544005,3.4309167061026407,-178.71428571428572,114.71428571428571,312.7857142857143,88.052259452065,3.5877311967218057,-232.0,129.46666666666667,328.26666666666665,87.37322045067225,3.3097527523712187,-235.0
2024-01-25,102,189,155,8180,293,2024,1,January,4,3,Thursday,1,82.01058201058201,3.581907090464548,151.96078431372547,-191,-43185,34,7887,158.14285714285714,291.85714285714283,79.69945327485264,3.6123934124093657,-183.71428571428572,113.78571428571429,307.85714285714283,86.01542132500131,3.598676012170652,-225.92857142857142,126.86666666666666,327.9,85.25273985102497,3.337011690908313,-234.43333333333334
2024-01-28,120,257,126,8004,307,2024,1,January,4,6,Sunday,1,49.0272373540856,3.835582208895552,105.0,-187,-43372,131,7697,158.28571428571428,285.2857142857143,76.55724042933241,3.535599195897347,-171.42857142857142,113.07142857142857,303.57142857142856,81.28492132971203,3.601557382831163,-219.07142857142858,126.76666666666667,329.5,84.40143196321317,3.3869251576349724,-236.73333333333332
2024-01-29,137,272,166,8057,195,2024,1,January,5,0,Monday,1,61.029411764705884,2.4202556782921683,121.16788321167884,-58,-43430,106,7862,158.57142857142858,261.85714285714283,72.81372174526302,3.2436266262598297,-145.0,116.57142857142857,291.2857142857143,72.58612931290531,3.5033440013057175,-201.21428571428572,126.23333333333333,324.8333333333333,83.08399614910853,3.36782669906768,-231.36666666666667
2024-01-30,93,198,208,8182,187,2024,1,January,5,1,Tuesday,1,105.05050505050507,2.285504766560743,223.6559139784946,-94,-43524,-10,7995,165.71428571428572,235.57142857142858,75.62016455170583,2.905467161724293,-120.42857142857143,127.71428571428571,284.2142857142857,76.26057628632135,3.447191791795055,-191.92857142857142,126.46666666666667,317.8666666666667,82.31816372722514,3.326593361540775,-226.3
2024-01-31,203,477,258,8153,266,2024,1,January,5,2,Wednesday,1,54.088050314465406,3.262602722924077,127.0935960591133,-63,-43587,219,7887,185.0,241.85714285714286,76.20417173948661,2.975520726109479,-117.14285714285714,139.21428571428572,278.2857142857143,70.88591321354508,3.4076126712040176,-178.0,130.9,311.53333333333336,81.75367449528308,3.298311084231825,-215.86666666666667
2024-02-01,222,459,289,8026,337,2024,2,February,5,3,Thursday,1,62.96296296296296,4.198853725392474,130.18018018018017,-115,-43702,170,7689,201.0,261.14285714285717,74.10865517028583,3.220541494208002,-123.0,159.07142857142858,268.35714285714283,73.84265146440099,3.3224362197493162,-154.28571428571428,135.06666666666666,310.6333333333333,80.94463850894212,3.3294439816049843,-211.43333333333334
2024-02-04,253,531,248,7813,342,2024,2,February,5,6,Sunday,1,46.70433145009416,4.377319851529502,98.02371541501977,-89,-43791,283,7471,207.14285714285714,275.2857142857143,65.83901155820016,3.4231465777227235,-113.85714285714286,174.35714285714286,276.07142857142856,72.5964648968201,3.4270316419126816,-146.28571428571428,138.06666666666666,312.96666666666664,79.65460271043176,3.395054699414507,-208.83333333333334
2024-02-05,157,466,345,7872,242,2024,2,February,6,0,Monday,1,74.0343347639485,3.0741869918699187,219.74522292993632,-85,-43876,121,7630,234.28571428571428,268.0,64.69954766582394,3.350615135066348,-98.71428571428571,196.21428571428572,279.92857142857144,72.19950047033828,3.481504273737857,-141.21428571428572,145.46666666666667,308.03333333333336,80.45574720256337,3.3846411802480545,-203.2
2024-02-06,291,455,323,8045,178,2024,2,February,6,1,Tuesday,1,70.98901098901099,2.2125543816034803,110.99656357388317,113,-43763,132,7867,262.42857142857144,249.57142857142858,67.8369438993847,3.1187540168817662,-55.857142857142854,210.35714285714286,267.42857142857144,72.19709216435855,3.327176606389557,-113.64285714285714,150.33333333333334,297.4,80.23432827061812,3.312751967327145,-187.13333333333333
2024-02-07,227,453,330,8160,222,2024,2,February,6,2,Wednesday,1,72.84768211920529,2.7205882352941178,145.37444933920705,5,-43758,123,7938,285.85714285714283,253.42857142857142,69.52526823574176,3.161658667882045,-46.857142857142854,222.21428571428572,257.64285714285717,71.1694949905024,3.2026426470709377,-95.92857142857143,154.5,293.23333333333335,79.17618978343516,3.299645468446186,-178.4
2024-02-08,298,499,358,8188,315,2024,2,February,6,3,Thursday,1,71.7434869739479,3.8470933072789446,120.13422818791946,-17,-43775,141,7873,307.2857142857143,271.7142857142857,64.7671227962336,3.3847427451275016,-35.857142857142854,236.5,253.64285714285714,70.19364367396972,3.145104953425897,-78.14285714285714,164.16666666666666,294.1333333333333,78.80341170695702,3.3422975311716554,-171.23333333333332
2024-02-11,205,515,226,8056,347,2024,2,February,6,6,Sunday,1,43.883495145631066,4.3073485600794434,110.2439024390244,-142,-43917,289,7709,302.7142857142857,283.2857142857143,63.309329200685845,3.5339921504354117,-47.142857142857146,243.85714285714286,262.57142857142856,69.75675047008623,3.254756438272445,-82.14285714285714,169.03333333333333,294.53333333333336,77.677198114724,3.386226818946807,-167.26666666666668
2024-02-12,213,430,440,8092,234,2024,2,February,7,0,Monday,1,102.32558139534885,2.8917449332674248,206.57276995305165,-21,-43938,-10,7858,324.2857142857143,268.57142857142856,68.93256040531239,3.3472623229889757,-33.714285714285715,262.64285714285717,264.85714285714283,71.52060778779911,3.2839019085984886,-78.35714285714286,180.3,290.43333333333334,77.91048073444435,3.376652154656492,-158.33333333333334
2024-02-13,227,369,349,8348,160,2024,2,February,7,1,Tuesday,1,94.579945799458,1.9166267369429804,153.74449339207047,67,-43871,20,8188,338.7142857142857,242.57142857142858,75.77193388379294,2.9957347351909016,-11.428571428571429,272.92857142857144,258.92857142857144,70.80547272099655,3.2094406564568128,-62.642857142857146,188.83333333333334,286.1,78.56314559442629,3.351609936412304,-149.5
2024-02-14,185,322,272,8512,230,2024,2,February,7,2,Wednesday,1,84.472049689441,2.702067669172932,147.02702702702703,-45,-43916,50,8282,328.2857142857143,240.85714285714286,77.26303601600615,2.9425748319484746,-5.714285714285714,281.2857142857143,254.42857142857142,70.98129184091505,3.1465949835074114,-52.214285714285715,194.33333333333334,283.23333333333335,79.17723449353936,3.34387632080411,-144.23333333333332
2024-02-15,333,508,272,8463,312,2024,2,February,7,3,Thursday,1,53.54330708661418,3.686635944700461,81.68168168168168,21,-43895,236,8151,321.0,260.0,74.77079260137803,3.1531579123909004,-18.857142857142858,291.7142857142857,254.78571428571428,71.30386825038137,3.135955964636333,-37.357142857142854,199.03333333333333,284.8666666666667,78.7341202399639,3.3849703186124684,-138.3
2024-02-19,249,420,371,8380,218,2024,2,February,8,0,Monday,1,88.33333333333333,2.6014319809069213,148.99598393574297,31,-43864,49,8162,326.85714285714283,259.42857142857144,76.98302848911062,3.136135590335587,-15.142857142857142,306.35714285714283,256.42857142857144,73.25414836242619,3.1488971291088155,-31.0,205.8,280.06666666666666,77.99435415809256,3.3573953955033415,-128.06666666666666
2024-02-20,149,395,273,8488,192,2024,2,February,8,1,Tuesday,1,69.11392405063292,2.2620169651272386,183.2214765100671,-43,-43907,122,8296,314.7142857142857,241.85714285714286,76.60737664292276,2.909696112885343,-18.857142857142858,311.0,256.7857142857143,70.68724971957819,3.1472194290064226,-27.357142857142858,210.36666666666667,274.23333333333335,76.45634371684245,3.306287860352637,-120.06666666666666
2024-02-21,232,430,318,8573,231,2024,2,February,8,2,Wednesday,1,73.95348837209302,2.6945060072320075,137.06896551724137,1,-43906,112,8342,327.85714285714283,225.28571428571428,80.90308996098875,2.679290033907138,1.5714285714285714,315.2857142857143,254.28571428571428,72.1062095808373,3.1066410921712744,-22.785714285714285,217.06666666666666,269.7,72.82770999591223,3.269596626605424,-109.76666666666667
2024-02-22,165,400,292,8607,293,2024,2,February,8,3,Thursday,1,73.0,3.40420587893575,176.96969696969697,-128,-44034,108,8314,306.7142857142857,233.71428571428572,76.71372119022463,2.7524987404311845,-13.714285714285714,315.5,251.14285714285714,72.82314079776852,3.0498805317100803,-23.714285714285715,225.06666666666666,269.93333333333334,73.47410174848955,3.280682299246281,-106.56666666666666
2024-02-25,244,482,366,8404,329,2024,2,February,8,6,Sunday,1,75.93360995850622,3.914802475011899,150.0,-85,-44119,116,8075,309.14285714285717,257.85714285714283,74.04995892723151,3.0379524172981727,-35.42857142857143,323.92857142857144,250.21428571428572,74.91094640551223,3.016843576244537,-23.428571428571427,234.03333333333333,269.26666666666665,71.69411096932866,3.2839520347067244,-100.8
2024-02-26,199,438,326,8404,329,2024,2,February,9,0,Monday,1,74.42922374429224,3.914802475011899,163.81909547738692,-130,-44249,112,8075,316.85714285714283,272.0,72.61526950649599,3.2112002467037395,-47.57142857142857,322.57142857142856,256.42857142857144,74.93915276125108,3.076887539326107,-26.642857142857142,244.53333333333333,264.3666666666667,73.45613084577236,3.2347346490151785,-90.23333333333333
2024-02-27,197,369,306,8650,206,2024,2,February,9,1,Tuesday,1,82.92682926829268,2.3815028901734103,155.32994923857868,-9,-44258,63,8444,321.7142857142857,256.85714285714283,76.81291553245005,3.0247526674855894,-51.857142857142854,321.35714285714283,258.42857142857144,75.79185406691406,3.0889552899382453,-35.357142857142854,253.6,263.43333333333334,74.0819937081746,3.2170186139795462,-83.83333333333333
2024-02-28,209,447,274,8699,257,2024,2,February,9,2,Wednesday,1,61.297539149888145,2.954362570410392,131.10047846889952,-48,-44306,173,8442,307.85714285714283,262.42857142857144,72.95065922052932,3.0751713231289424,-63.142857142857146,317.35714285714283,260.92857142857144,74.96684385481997,3.1056534567322642,-39.142857142857146,261.43333333333334,265.73333333333335,73.47218378868106,3.2384450281159767,-80.23333333333333
2024-02-29,262,444,354,8724,299,2024,2,February,9,3,Thursday,1,79.72972972972973,3.4273269142595137,135.1145038167939,-37,-44343,90,8425,319.42857142857144,277.7142857142857,74.46720288897173,3.2416441730049814,-62.285714285714285,317.07142857142856,259.7857142857143,75.53728976594724,3.0756701429451625,-40.57142857142857,269.06666666666666,263.93333333333334,73.76241720391448,3.2069178677753043,-72.36666666666666
2024-03-03,236,468,347,8594,354,2024,3,March,9,6,Sunday,1,74.14529914529915,4.119152897370258,147.03389830508476,-118,-44461,121,8240,323.57142857142856,295.2857142857143,74.49460442800115,3.445165157310446,-79.28571428571429,325.7142857142857,260.2857142857143,77.69884719449496,3.062227595608792,-38.857142857142854,275.1666666666667,263.76666666666665,73.32612575698472,3.1954208421624863,-68.2
2024-03-04,225,509,340,8660,229,2024,3,March,10,0,Monday,1,66.7976424361493,2.644341801385681,151.11111111111111,-4,-44465,169,8431,330.42857142857144,286.14285714285717,73.60855334745106,3.336613146231865,-61.57142857142857,318.57142857142856,259.92857142857144,75.16113726883785,3.0445559433315244,-37.642857142857146,281.23333333333335,259.03333333333336,72.70586699134286,3.128478201598359,-59.46666666666667
2024-03-05,246,472,345,8800,214,2024,3,March,10,1,Tuesday,1,73.09322033898306,2.4318181818181817,140.2439024390244,32,-44433,127,8586,327.42857142857144,269.7142857142857,73.20278340180491,3.124758247204191,-44.857142857142854,318.2857142857143,263.7857142857143,73.6263711645182,3.081355332251182,-40.142857142857146,288.6333333333333,258.76666666666665,73.47564100264229,3.1171312152513733,-55.53333333333333
2024-03-06,230,457,277,8870,232,2024,3,March,10,2,Wednesday,1,60.61269146608315,2.6155580608793687,120.43478260869564,-2,-44435,180,8638,320.42857142857144,255.85714285714286,71.22899307634647,2.9391519023281147,-26.571428571428573,318.64285714285717,263.92857142857144,71.92213129142122,3.075176074515927,-37.07142857142857,291.96666666666664,259.76666666666665,72.90834475326612,3.121526205657258,-53.13333333333333
2024-03-07,181,424,328,8902,305,2024,3,March,10,3,Thursday,1,77.35849056603774,3.426196360368457,181.21546961325967,-124,-44559,96,8597,323.57142857142856,270.0,70.43351611888147,3.0883938266416933,-43.0,322.64285714285717,263.42857142857144,73.62321582566577,3.0565732470636418,-47.42857142857143,296.06666666666666,261.8333333333333,72.00056654764424,3.137096608771991,-52.166666666666664
2024-03-10,190,368,326,8714,373,2024,3,March,10,6,Sunday,1,88.58695652173914,4.280468212072527,171.57894736842104,-183,-44742,42,8341,331.0,286.57142857142856,74.33200431486019,3.2778374897362843,-62.285714285714285,319.42857142857144,274.5,73.64133176769475,3.1765044064326133,-62.714285714285715,301.76666666666665,264.5,72.21977903134947,3.1603819794922576,-51.9
2024-03-11,178,336,290,8757,253,2024,3,March,11,0,Monday,1,86.30952380952381,2.889117277606486,162.92134831460675,-75,-44817,46,8504,321.85714285714283,280.0,75.27197489768791,3.2009503987858516,-67.71428571428571,320.64285714285717,278.85714285714283,74.86958889332982,3.2212972858954165,-65.0,307.23333333333335,262.7,73.46252191319742,3.1288331484492886,-48.166666666666664
2024-03-12,154,294,290,8843,213,2024,3,March,11,1,Tuesday,1,98.63945578231292,2.408684835463078,188.31168831168833,-59,-44876,4,8630,313.7142857142857,259.85714285714283,78.77114013154701,2.956597818513397,-59.285714285714285,318.64285714285717,277.57142857142856,76.63287227977409,3.200881487911922,-69.28571428571429,311.3666666666667,263.3,74.71619004711766,3.128447453688319,-48.2
2024-03-13,165,358,167,8819,239,2024,3,March,11,2,Wednesday,1,46.64804469273743,2.7100578296859057,101.21212121212122,-74,-44950,191,8580,289.0,261.2857142857143,75.89262616820247,2.9659858225562856,-69.28571428571429,309.7142857142857,273.7142857142857,74.75058975782677,3.1512994843940754,-65.42857142857143,310.0,265.03333333333336,72.7694413685254,3.142599222459158,-47.53333333333333
2024-03-14,166,301,252,8695,310,2024,3,March,11,3,Thursday,1,83.72093023255815,3.565267395054629,151.80722891566265,-144,-45094,49,8385,275.7142857142857,275.0,77.41087043871319,3.1279071387329216,-94.42857142857143,301.57142857142856,272.35714285714283,75.30682692025904,3.1263326929685564,-69.64285714285714,309.8,266.5,73.75720403246184,3.1526880448635093,-50.233333333333334
2024-03-17,127,260,259,8373,342,2024,3,March,11,6,Sunday,1,99.61538461538461,4.084557506270154,203.93700787401573,-215,-45309,1,8031,273.14285714285717,290.7142857142857,82.98268374575626,3.3377642023601766,-124.85714285714286,296.7857142857143,273.2857142857143,77.10583841105135,3.138458052344146,-75.71428571428571,308.8,266.6666666666667,74.9789514208759,3.1488781708927656,-53.56666666666667
2024-03-18,123,243,188,8333,283,2024,3,March,12,0,Monday,1,77.36625514403292,3.3961358454338173,152.84552845528455,-160,-45469,55,8050,253.14285714285714,287.57142857142856,82.98379297118413,3.3334698430837997,-130.0,288.35714285714283,278.7857142857143,76.7086545450328,3.210931834862746,-86.5,306.8,264.7,76.00101554400719,3.1161720373562427,-55.93333333333333
2024-03-19,99,202,256,8390,197,2024,3,March,12,1,Tuesday,1,126.73267326732673,2.34803337306317,258.5858585858586,-98,-45567,-54,8193,243.14285714285714,262.42857142857144,88.43318107769664,3.05740772322532,-117.85714285714286,287.07142857142856,274.5,81.38259269627841,3.1676226064808017,-90.07142857142857,303.8333333333333,263.2,77.75762682745311,3.091966916729351,-56.36666666666667
2024-03-20,91,181,174,8365,227,2024,3,March,12,2,Wednesday,1,96.13259668508287,2.713687985654513,191.2087912087912,-136,-45703,7,8138,226.57142857142858,258.7142857142857,89.83647720277652,3.03234639580361,-126.57142857142857,274.2142857142857,269.35714285714283,82.5542260502322,3.1166483972947305,-97.14285714285714,298.8666666666667,264.8333333333333,78.59574635065552,3.1086713701977184,-64.66666666666667
2024-03-21,132,261,141,8292,235,2024,3,March,12,3,Thursday,1,54.02298850574713,2.8340569223347805,106.81818181818181,-103,-45806,120,8057,205.28571428571428,261.85714285714283,83.46269616326711,3.0931138367852813,-132.85714285714286,259.5,260.85714285714283,81.11691814740708,3.0248558276493394,-96.07142857142857,292.56666666666666,265.26666666666665,77.96825656354025,3.1124536597657406,-68.26666666666667
2024-03-24,124,264,221,7899,373,2024,3,March,12,6,Sunday,1,83.71212121212122,4.722116723635903,178.2258064516129,-249,-46055,43,7526,213.0,281.0,88.75756423746482,3.380550821635281,-157.85714285714286,251.0,271.14285714285717,82.32509520283364,3.1732683220957836,-113.57142857142857,288.0,267.2,78.36721103814602,3.1416211069776394,-76.0
2024-03-25,128,242,224,7899,229,2024,3,March,13,0,Monday,1,92.56198347107438,2.8991011520445626,175.0,-101,-46156,18,7670,209.0,269.42857142857144,90.02057184296713,3.285384215490986,-151.71428571428572,242.35714285714286,272.2142857142857,83.71572114084017,3.2066456771119536,-123.07142857142857,287.93333333333334,263.26666666666665,79.98982731566079,3.09467952670981,-74.63333333333334
2024-03-26,187,276,200,7919,208,2024,3,March,13,1,Tuesday,1,72.46376811594203,2.6265942669528983,106.95187165775401,-21,-46177,76,7711,200.57142857142858,250.28571428571428,86.1417694859039,3.077103752731378,-124.0,236.85714285714286,270.5,84.56222661583008,3.207433977545777,-124.42857142857143,279.93333333333334,262.4,78.99443353968057,3.0858411711659928,-74.63333333333334
2024-03-27,129,287,185,7893,215,2024,3,March,13,2,Wednesday,1,64.45993031358886,2.7239325985050042,143.41085271317831,-86,-46263,102,7678,200.14285714285714,240.57142857142858,84.29800879584047,2.981074717455833,-113.42857142857143,226.64285714285714,264.07142857142856,83.64090088351229,3.157272280269816,-121.71428571428571,274.46666666666664,264.23333333333335,77.99043302348493,3.1127513665513935,-79.73333333333333
2024-03-28,161,288,248,7762,360,2024,3,March,13,3,Thursday,1,86.11111111111111,4.637979902087091,154.03726708074535,-199,-46462,40,7402,199.0,263.85714285714283,78.49492848780967,3.3082099358878216,-127.85714285714286,221.07142857142858,263.14285714285717,83.46405478275315,3.1828088295565706,-122.85714285714286,273.6666666666667,268.56666666666666,78.04506840420727,3.1772817743151984,-84.86666666666666
2024-03-31,105,254,151,7257,287,2024,3,March,13,6,Sunday,1,59.4488188976378,3.954802259887006,143.8095238095238,-182,-46644,103,6970,195.71428571428572,272.42857142857144,73.25438880388893,3.485511975063892,-134.42857142857142,211.14285714285714,265.57142857142856,81.54543300333273,3.2589291854337508,-130.5,269.6333333333333,267.73333333333335,78.24191879790807,3.1862206514880835,-91.63333333333334
2024-04-01,109,235,171,7271,172,2024,4,April,14,0,Monday,2,72.76595744680851,2.3655618209324714,156.88073394495413,-63,-46707,64,7099,200.0,263.42857142857144,75.93195579546912,3.4185841034349913,-128.71428571428572,202.64285714285714,262.64285714285717,79.69732597936812,3.255848970110136,-130.78571428571428,262.96666666666664,266.2,77.72300626835724,3.1783583128222683,-94.76666666666667
2024-04-02,101,230,175,7340,132,2024,4,April,14,1,Tuesday,2,76.08695652173914,1.7983651226158037,173.26732673267327,-31,-46738,55,7208,193.42857142857142,229.0,74.84264655398599,3.0009053032892625,-97.57142857142857,203.21428571428572,255.0,81.8001053957254,3.1907280624622723,-127.71428571428571,259.7,264.2,77.95544068406078,3.16290325140522,-94.36666666666666
2024-04-03,124,230,190,7346,163,2024,4,April,14,2,Wednesday,2,82.6086956521739,2.218894636536891,153.2258064516129,-39,-46777,40,7183,188.57142857142858,219.57142857142858,73.42074829414305,2.9037329439310233,-88.71428571428571,198.78571428571428,244.5,81.72066006855508,3.0945585797110047,-120.21428571428571,255.43333333333334,261.93333333333334,78.24394759339681,3.1470495390487163,-95.7
2024-04-04,95,226,152,7317,225,2024,4,April,14,3,Thursday,2,67.2566371681416,3.075030750307503,160.0,-130,-46907,74,7092,181.71428571428572,222.0,72.67687244445727,2.9677952986959673,-104.28571428571429,191.14285714285714,236.14285714285714,79.40932096518058,3.0224495257136725,-114.14285714285714,250.76666666666668,259.6666666666667,78.05250216566819,3.1360770347611084,-95.76666666666667
2024-04-07,106,239,233,6982,279,2024,4,April,14,6,Sunday,2,97.48953974895397,3.9959896877685477,219.81132075471697,-173,-47080,6,6703,188.57142857142858,231.14285714285714,77.39538807808086,3.1495177400193306,-116.71428571428571,194.35714285714286,235.85714285714286,80.84669843696066,3.0652962287375813,-115.07142857142857,246.33333333333334,258.0,78.77103315868311,3.1387832751863303,-98.7
2024-04-08,102,230,167,6988,199,2024,4,April,15,0,Monday,2,72.60869565217392,2.847738981110475,163.72549019607843,-97,-47177,63,6789,177.0,208.14285714285714,75.46647158394697,2.893769037022671,-102.14285714285714,188.0,236.0,76.98070003587831,3.100989486455247,-115.0,241.03333333333333,253.66666666666666,78.71034888894584,3.1032144920562823,-97.6
2024-04-09,118,231,217,7043,130,2024,4,April,15,1,Tuesday,2,93.93939393939394,1.8458043447394576,183.89830508474577,-12,-47189,14,6913,186.42857142857142,185.71428571428572,80.39369658991214,2.5924836205730215,-77.85714285714286,191.07142857142858,229.07142857142858,76.82404269690053,3.038997797818457,-106.14285714285714,238.06666666666666,251.13333333333333,79.07743437798256,3.085357873875151,-97.7
2024-04-10,117,244,142,6999,227,2024,4,April,15,2,Wednesday,2,58.19672131147541,3.243320474353479,121.36752136752136,-110,-47299,102,6772,182.28571428571428,193.57142857142858,78.31237714200742,2.7178777139188797,-84.57142857142857,191.14285714285714,228.5,77.12216646873826,3.068230908676935,-106.64285714285714,233.66666666666666,250.13333333333333,78.9740737833688,3.094989804006587,-99.76666666666667
2024-04-11,183,221,220,6912,285,2024,4,April,15,3,Thursday,2,99.5475113122172,4.123263888888888,120.21857923497268,-102,-47401,1,6627,188.71428571428572,215.42857142857142,81.66388496921856,3.050006109100749,-94.71428571428571,191.07142857142858,222.21428571428572,78.25326576160226,3.025455706195006,-96.14285714285714,229.2,249.66666666666666,79.63466650278502,3.1181877031608995,-101.93333333333334
2024-04-14,128,245,243,6630,290,2024,4,April,15,6,Sunday,2,99.18367346938776,4.374057315233785,189.84375,-162,-47563,2,6340,196.28571428571428,233.57142857142858,84.03173894310625,3.3578864917717337,-112.28571428571429,192.42857142857142,226.57142857142858,78.72624361862465,3.1308097178513785,-100.5,225.73333333333332,247.53333333333333,80.46927898025466,3.126684517089684,-103.4
2024-04-15,144,303,176,6681,191,2024,4,April,16,0,Monday,2,58.08580858085809,2.8588534650501423,122.22222222222223,-47,-47610,127,6490,199.71428571428572,228.71428571428572,82.72162057349433,3.327004022449253,-100.42857142857143,190.71428571428572,225.35714285714286,77.6992465089758,3.14739966057261,-102.35714285714286,220.26666666666668,246.26666666666668,80.17888451841162,3.1338349058784996,-104.83333333333333
2024-04-16,219,392,205,6685,163,2024,4,April,16,1,Tuesday,2,52.295918367346935,2.43829468960359,93.60730593607306,56,-47554,187,6522,195.71428571428572,212.14285714285714,76.26538894755046,3.1044761655685456,-67.71428571428571,192.14285714285714,221.64285714285714,76.83038851281567,3.126996952793938,-92.21428571428571,215.6,244.56666666666666,79.48564111935708,3.134050789471346,-104.03333333333333
2024-04-17,182,371,274,6725,227,2024,4,April,16,2,Wednesday,2,73.8544474393531,3.37546468401487,150.54945054945054,-45,-47599,97,6498,211.0,216.14285714285714,76.44335348857605,3.1798655516977443,-60.285714285714285,194.0,212.14285714285714,75.95491253626152,3.036817294360208,-81.21428571428571,215.5,244.4,79.92703298513274,3.1593810102425293,-105.46666666666667
2024-04-18,144,322,258,6728,260,2024,4,April,16,3,Thursday,2,80.12422360248446,3.864447086801427,179.16666666666669,-116,-47715,64,6468,216.85714285714286,234.71428571428572,74.46975772616042,3.4682430862780262,-75.14285714285714,201.64285714285714,210.21428571428572,77.43172715803628,3.0303633534255234,-76.5,213.16666666666666,242.9,80.01922408634763,3.1739893677902957,-105.2
2024-04-21,208,380,343,6745,240,2024,4,April,16,6,Sunday,2,90.26315789473685,3.558191252779837,164.90384615384613,-32,-47747,37,6505,245.57142857142858,236.57142857142858,79.05067723805492,3.51322462605322,-64.0,213.92857142857142,215.07142857142858,78.68152719003116,3.1155511699860496,-74.28571428571429,213.73333333333332,238.46666666666667,80.07509746544756,3.1499134691472057,-100.16666666666667
2024-04-22,176,424,251,6799,214,2024,4,April,17,0,Monday,2,59.198113207547166,3.1475216943668185,142.61363636363635,-38,-47785,173,6585,250.0,226.42857142857142,73.28647750881633,3.373832883978639,-54.857142857142854,219.35714285714286,220.92857142857142,77.47518123901743,3.2119194965396938,-74.78571428571429,212.43333333333334,237.16666666666666,79.171383778715,3.158526949705883,-98.93333333333334
2024-04-23,252,427,307,6967,134,2024,4,April,17,1,Tuesday,2,71.89695550351288,1.9233529496196353,121.82539682539681,118,-47667,120,6833,259.14285714285717,204.14285714285714,69.38837494226279,3.0237322603194743,-14.857142857142858,227.71428571428572,218.85714285714286,76.71005694268453,3.1908093760456038,-63.57142857142857,213.0,234.53333333333333,78.27996710275501,3.1423492201777687,-93.03333333333333
2024-04-24,253,411,307,7128,154,2024,4,April,17,2,Wednesday,2,74.69586374695864,2.1604938271604937,121.34387351778658,99,-47568,104,6974,277.85714285714283,198.85714285714286,71.76123996599144,2.9239665977638105,6.0,238.78571428571428,213.78571428571428,77.24143026974288,3.1254853101065314,-47.214285714285715,217.66666666666666,231.7,79.21489440456237,3.1240304200935882,-87.26666666666667
2024-04-25,145,357,333,7209,217,2024,4,April,17,3,Thursday,2,93.27731092436974,3.010126231100014,229.65517241379308,-72,-47640,24,6992,296.14285714285717,206.57142857142858,77.6157246169947,3.005656817977585,-12.285714285714286,245.92857142857142,209.35714285714286,76.94055678227258,3.0550664917730654,-40.0,220.36666666666667,228.6,79.53344042762276,3.1055257146284343,-84.86666666666666
2024-04-28,158,349,365,7298,250,2024,4,April,17,6,Sunday,2,104.58452722063036,3.4255960537133463,231.01265822784808,-92,-47732,-16,7048,309.14285714285717,209.85714285714286,82.00573601432002,3.0128184422202247,-19.0,260.07142857142856,213.0,79.22454475144802,3.0963419969589845,-39.642857142857146,223.9,225.53333333333333,79.69907851446428,3.0835603328765404,-80.76666666666667
2024-04-29,140,292,255,7373,187,2024,4,April,18,0,Monday,2,87.32876712328768,2.5362810253628103,182.14285714285714,-47,-47779,37,7186,308.7142857142857,199.42857142857142,83.0349565172919,2.8230804334432795,-9.142857142857142,262.7857142857143,217.07142857142858,78.75235712172616,3.145661759860652,-42.142857142857146,226.13333333333333,222.33333333333334,80.03116224710611,3.0548985055408404,-77.0
2024-04-30,220,443,194,7431,135,2024,4,April,18,1,Tuesday,2,43.792325056433405,1.8167137666532096,88.18181818181819,85,-47694,249,7296,287.42857142857144,184.42857142857142,76.39626611181997,2.57429793542519,7.571428571428571,266.5,210.5,77.72347167493744,3.043761280739205,-28.214285714285715,224.06666666666666,220.26666666666668,77.26648397340968,3.0371878519938416,-70.9
2024-05-01,197,437,295,7508,190,2024,5,May,18,2,Wednesday,2,67.50572082379863,2.530633990410229,149.746192893401,7,-47687,142,7318,293.7142857142857,181.0,77.5830671998559,2.486171120574248,14.0,271.85714285714283,203.71428571428572,75.43477235433612,2.930002002276443,-20.428571428571427,228.1,219.03333333333333,76.31225477803352,3.031086052152366,-66.13333333333334
2024-05-02,206,411,293,7577,194,2024,5,May,18,3,Thursday,2,71.28953771289538,2.560380097663983,142.23300970873788,12,-47675,118,7383,291.7142857142857,189.57142857142858,77.49629322976769,2.577174998866298,-1.1428571428571428,275.42857142857144,196.85714285714286,73.44233408601522,2.8004536295928864,-8.0,233.16666666666666,217.66666666666666,76.88780641827181,3.021963491330006,-62.3
2024-05-05,150,315,228,7447,332,2024,5,May,18,6,Sunday,2,72.38095238095238,4.458171075600913,152.0,-182,-47857,87,7115,280.42857142857144,215.0,77.16559160605252,2.905414605786358,-41.285714285714285,279.14285714285717,206.92857142857142,74.46341578602197,2.914690601775084,-17.642857142857142,233.4,216.3,76.51010079056617,3.013165303062173,-60.06666666666667
2024-05-06,173,337,211,7449,205,2024,5,May,19,0,Monday,2,62.61127596439169,2.752047254665056,121.96531791907515,-32,-47889,126,7244,263.0,213.28571428571428,72.78472946891279,2.8685461805813643,-35.57142857142857,279.57142857142856,209.92857142857142,75.20022704295374,2.9371014992794744,-23.928571428571427,232.96666666666667,215.5,75.51174387367675,3.008263506482856,-57.766666666666666
2024-05-07,176,334,246,7566,163,2024,5,May,19,1,Tuesday,2,73.65269461077844,2.154374834787206,139.77272727272728,13,-47876,88,7403,246.0,200.85714285714286,68.36589623893394,2.6869431493062015,-20.571428571428573,277.57142857142856,205.35714285714286,75.18581612662697,2.849880795763213,-19.785714285714285,234.5,214.0,75.55137475683796,2.992522858744,-56.63333333333333
2024-05-08,167,374,205,7583,202,2024,5,May,19,2,Wednesday,2,54.81283422459893,2.663853356191481,122.75449101796407,-35,-47911,169,7381,238.85714285714286,203.0,63.720762967692686,2.7051677679960116,-18.857142857142858,273.7857142857143,201.21428571428572,73.3778597424923,2.7641241007196453,-14.0,235.16666666666666,213.56666666666666,75.22980488720496,2.9905202173335486,-54.93333333333333
2024-05-09,138,285,268,7570,244,2024,5,May,19,3,Thursday,2,94.03508771929825,3.223249669749009,194.20289855072463,-106,-48017,17,7326,249.42857142857142,218.57142857142858,70.89830049095909,2.906101468438268,-46.142857142857146,268.42857142857144,201.5,73.64728330138954,2.740199701931729,-19.285714285714285,235.83333333333334,209.7,75.4939374408112,2.9433625429222796,-51.833333333333336
2024-05-12,138,301,263,7464,245,2024,5,May,19,6,Sunday,2,87.37541528239203,3.2824222936763134,190.57971014492753,-107,-48124,38,7219,244.85714285714286,226.42857142857142,73.73682827075815,3.0134997974762805,-62.42857142857143,269.2857142857143,203.71428571428572,75.65994773530703,2.749835459025264,-24.214285714285715,239.56666666666666,208.3,76.42482398696967,2.920949877381923,-49.333333333333336
2024-05-13,112,331,167,7499,157,2024,5,May,20,0,Monday,2,50.453172205438065,2.093612481664222,149.10714285714286,-45,-48169,164,7342,226.85714285714286,221.14285714285714,70.76020462683569,2.9468187094763145,-70.57142857142857,259.2857142857143,205.35714285714286,74.12824892830169,2.7619968541713065,-35.857142857142854,239.43333333333334,207.8,75.681064478924,2.911884899406315,-48.733333333333334
2024-05-14,246,419,218,7546,186,2024,5,May,20,1,Tuesday,2,52.02863961813843,2.4648820567187912,88.6178861788618,60,-48109,201,7360,225.42857142857142,200.28571428571428,67.85273137500512,2.662063135350297,-36.0,252.92857142857142,207.64285714285714,72.50916149052881,2.7837388705683277,-38.642857142857146,240.86666666666667,209.6,74.8791205821373,2.934102130543081,-45.7
2024-05-15,115,285,341,7589,265,2024,5,May,20,2,Wednesday,2,119.64912280701753,3.491896165502701,296.5217391304348,-150,-48259,-56,7324,244.0,208.85714285714286,76.00099520966594,2.7677558368985324,-52.857142857142854,253.5,211.07142857142858,74.39286233928935,2.818151008739948,-44.214285714285715,245.9,213.0,76.11380148729876,2.9765355148419412,-49.4
2024-05-16,206,340,214,7565,234,2024,5,May,20,3,Thursday,2,62.94117647058823,3.0931923331130204,103.88349514563106,-28,-48287,126,7331,239.42857142857142,219.0,74.47077833249591,2.9018726223736486,-58.714285714285715,242.71428571428572,209.92857142857142,71.41833728571494,2.794407885839924,-39.642857142857146,247.96666666666667,213.3,75.96995279738032,2.9771409009354586,-46.0
2024-05-19,143,295,278,7356,298,2024,5,May,20,6,Sunday,2,94.23728813559322,4.051114736269712,194.4055944055944,-155,-48442,17,7058,249.85714285714286,232.71428571428572,80.10284317692368,3.1000528195276815,-75.85714285714286,244.35714285714286,217.85714285714286,71.91180307230819,2.902610293761846,-47.357142857142854,249.46666666666667,213.93333333333334,75.8615444102683,2.9789784025521637,-45.4
2024-05-20,111,268,217,7368,192,2024,5,May,21,0,Monday,2,80.97014925373134,2.6058631921824107,195.4954954954955,-81,-48523,51,7176,242.57142857142858,225.28571428571428,78.2364233961284,3.011854751303882,-72.28571428571429,246.0,221.92857142857142,74.56736194354376,2.9589781098710746,-59.214285714285715,251.13333333333333,213.7,76.14025953032021,2.9709158762545615,-44.86666666666667
2024-05-21,196,348,176,7404,145,2024,5,May,21,1,Tuesday,2,50.57471264367817,1.958400864397623,89.79591836734694,51,-48472,172,7259,230.14285714285714,211.0,72.97918016202642,2.8227088328354966,-49.714285714285715,237.5,218.71428571428572,73.35800421639229,2.918104315155889,-56.07142857142857,249.76666666666668,214.2,74.69477015379634,2.9746690935765008,-42.766666666666666
2024-05-22,168,349,272,7474,208,2024,5,May,21,2,Wednesday,2,77.93696275071633,2.7829810008027827,161.9047619047619,-40,-48512,77,7266,245.14285714285714,218.28571428571428,76.90543595420903,2.9211900498552916,-49.0,236.0,219.71428571428572,73.83282029052236,2.934004379665803,-59.785714285714285,254.1,213.56666666666666,75.35277820177105,2.959324444458144,-40.43333333333333
2024-05-23,193,272,314,7494,227,2024,5,May,21,3,Thursday,2,115.44117647058823,3.029089938617561,162.69430051813472,-34,-48546,-42,7267,258.85714285714283,224.14285714285714,85.9643697902733,3.0017911758408298,-62.42857142857143,242.14285714285714,212.21428571428572,76.90855058263921,2.831927155595564,-49.214285714285715,257.23333333333335,211.63333333333333,75.88256704038342,2.9228519794490997,-38.166666666666664
2024-05-27,156,344,252,7365,167,2024,5,May,22,0,Monday,2,73.25581395348837,2.267481330617787,161.53846153846155,-11,-48557,92,7198,246.14285714285714,210.14285714285714,79.33675423976912,2.8268747708572706,-42.57142857142857,245.07142857142858,209.5,77.66887472471754,2.7973153038779013,-47.714285714285715,257.53333333333336,207.53333333333333,75.0183050565201,2.8526327799619,-33.13333333333333
2024-05-28,153,348,239,7418,151,2024,5,May,22,1,Tuesday,2,68.67816091954023,2.035589107576166,156.20915032679738,2,-48555,109,7267,249.71428571428572,198.28571428571428,80.15632344676227,2.675788595780577,-38.285714285714285,244.57142857142858,208.64285714285714,77.3135508896291,2.788830609077113,-48.5,259.6333333333333,206.2,75.3713834678095,2.8251906347127673,-31.5
2024-05-29,182,462,158,7491,141,2024,5,May,22,2,Wednesday,2,34.1991341991342,1.8822587104525432,86.81318681318682,41,-48514,304,7350,232.57142857142858,175.85714285714286,71.57944431298242,2.365952020663839,-10.285714285714286,241.21428571428572,204.28571428571428,75.84114374495304,2.7330024200957603,-43.07142857142857,258.06666666666666,205.46666666666667,74.76815732886908,2.8066561020743994,-32.0
2024-05-30,167,406,339,7563,190,2024,5,May,22,3,Thursday,2,83.49753694581281,2.5122305963242098,202.99401197604791,-23,-48537,67,7373,250.0,175.57142857142858,71.94049969756547,2.352575935541239,-2.0,246.28571428571428,200.42857142857142,75.08846154684694,2.68221534342256,-37.142857142857146,260.23333333333335,204.23333333333332,75.08959364575108,2.77788163248471,-31.266666666666666
2024-06-02,159,330,322,7546,306,2024,6,June,22,6,Sunday,2,97.57575757575758,4.055128544924464,202.51572327044025,-147,-48684,8,7240,270.85714285714283,198.57142857142858,78.65493468786254,2.6521084613307875,-30.285714285714285,250.5,204.78571428571428,75.81705742494448,2.7374086470831425,-40.0,262.3666666666667,205.76666666666668,75.67131144486017,2.7842376810888116,-32.3
2024-06-03,109,244,257,7596,224,2024,6,June,23,0,Monday,2,105.32786885245902,2.948920484465508,235.77981651376146,-115,-48799,-13,7372,268.7142857142857,200.85714285714286,82.56792127382576,2.675814101854034,-41.0,256.92857142857144,209.57142857142858,79.73667861401739,2.798502075854663,-45.0,259.5,205.23333333333332,76.17346847678424,2.7639286554783338,-35.06666666666667
2024-06-04,260,356,176,7565,203,2024,6,June,23,1,Tuesday,2,49.43820224719101,2.683410442828817,67.6923076923077,57,-48742,180,7362,249.0,197.42857142857142,73.1389249561976,2.6264313167413564,-28.0,253.92857142857142,210.78571428571428,79.55164737323545,2.8141112462910933,-45.214285714285715,257.0,204.86666666666667,75.84813811143904,2.748458280427067,-31.9
2024-06-05,173,345,291,7691,198,2024,6,June,23,2,Wednesday,2,84.34782608695653,2.5744376544012484,168.20809248554914,-25,-48767,54,7493,254.57142857142858,201.85714285714286,74.72349811812163,2.6702822201389935,-30.0,250.35714285714286,206.0,77.03012617894537,2.7485784954981325,-36.285714285714285,256.46666666666664,207.0,76.26316713088714,2.7701611039197878,-36.666666666666664
2024-06-06,179,326,282,7741,238,2024,6,June,23,3,Thursday,2,86.50306748466258,3.074538173362615,157.54189944134077,-59,-48826,44,7503,260.7142857142857,214.28571428571428,77.26991334171053,2.8187035152513435,-38.714285714285715,255.21428571428572,206.28571428571428,78.7131183942364,2.747246055515961,-38.5,255.63333333333333,209.8,76.65674058881064,2.8006292487931916,-41.93333333333333
2024-06-09,116,289,166,7451,312,2024,6,June,23,6,Sunday,2,57.43944636678201,4.187357401691048,143.10344827586206,-196,-49022,123,7139,261.85714285714283,238.71428571428572,80.5899579370888,3.148003328285416,-72.57142857142857,247.21428571428572,207.28571428571428,76.08470112503561,2.7569776744746273,-41.42857142857143,250.06666666666666,212.96666666666667,75.4621451035577,2.839870287812893,-46.06666666666667
2024-06-10,184,334,229,7439,212,2024,6,June,24,0,Monday,2,68.562874251497,2.849845409329211,124.45652173913044,-28,-49050,105,7227,246.14285714285714,241.85714285714286,78.45643469504367,3.196234015857559,-73.28571428571429,248.07142857142858,208.71428571428572,75.19846719630458,2.7744049756993987,-37.642857142857146,245.53333333333333,211.7,74.26142333791992,2.8206785996667554,-43.93333333333333
2024-06-11,186,352,224,7493,156,2024,6,June,24,1,Tuesday,2,63.63636363636363,2.0819431469371414,120.43010752688173,30,-49020,128,7337,232.14285714285714,220.42857142857142,73.60794984655884,2.914350387573655,-48.0,251.5,209.5,76.13144226721069,2.7832294244522218,-39.142857142857146,244.5,210.66666666666666,73.47167655502246,2.8055340037192327,-41.36666666666667
2024-06-12,152,266,274,7548,212,2024,6,June,24,2,Wednesday,2,103.00751879699249,2.808691043985162,180.26315789473685,-60,-49080,-8,7336,234.57142857142858,218.71428571428572,73.27647126720646,2.8943176103621773,-40.142857142857146,251.64285714285714,209.78571428571428,77.92219627051612,2.7850658561081056,-40.57142857142857,247.16666666666666,213.23333333333332,75.44551634637443,2.8385999129636312,-46.2
2024-06-13,167,293,230,7544,259,2024,6,June,24,3,Thursday,2,78.49829351535837,3.433191940615058,137.7245508982036,-92,-49172,63,7285,242.28571428571428,226.71428571428572,77.42791287694466,3.001429252903069,-61.42857142857143,245.64285714285714,212.07142857142858,75.28341891657112,2.813930284822213,-44.714285714285715,245.0,215.53333333333333,75.8119354360931,2.8686851779704585,-49.5
2024-06-16,204,315,233,7307,294,2024,6,June,24,6,Sunday,2,73.96825396825398,4.023539072122622,114.21568627450979,-90,-49262,82,7013,234.0,240.42857142857142,75.94511685998715,3.20844374114898,-70.71428571428571,244.28571428571428,221.14285714285714,75.33430748905438,2.939362980643987,-50.357142857142854,243.0,218.86666666666667,75.90122597793837,2.9174571437857466,-52.9
2024-06-17,159,310,272,7318,224,2024,6,June,25,0,Monday,2,87.74193548387098,3.0609456135556163,171.0691823899371,-65,-49327,38,7094,232.57142857142858,238.42857142857142,76.12209800273122,3.2065019468908367,-71.57142857142857,246.64285714285714,226.35714285714286,76.69600567222086,3.01260273107109,-55.142857142857146,244.46666666666667,215.26666666666668,76.41325874803564,2.87088296171757,-49.0
2024-06-18,160,297,253,7340,214,2024,6,June,25,1,Tuesday,2,85.18518518518519,2.915531335149864,158.125,-54,-49381,44,7126,245.0,224.42857142857142,80.0857749767888,3.024812508813525,-51.285714285714285,253.42857142857142,231.57142857142858,80.33786645693878,3.08640791854947,-61.92857142857143,245.86666666666667,215.56666666666666,77.16572238872877,2.8763324310670635,-49.733333333333334
2024-06-19,204,321,246,7433,198,2024,6,June,25,2,Wednesday,2,76.63551401869158,2.6637965828064036,120.58823529411764,6,-49375,75,7235,247.42857142857142,222.42857142857142,81.23900922924517,2.9982341050245522,-46.42857142857143,246.78571428571428,232.14285714285714,79.84772196214442,3.097234060441056,-59.857142857142854,245.86666666666667,216.73333333333332,77.26514970232589,2.8933131560010366,-49.96666666666667
2024-06-20,145,247,243,7431,235,2024,6,June,25,3,Thursday,2,98.38056680161942,3.1624276678778087,167.58620689655172,-90,-49465,4,7196,250.14285714285714,233.71428571428572,86.20246682428171,3.152589036587505,-63.57142857142857,241.14285714285714,227.07142857142858,79.90520833542027,3.0334697120805805,-55.785714285714285,247.13333333333333,217.83333333333334,78.71740745489322,2.9099322997239145,-51.8
2024-06-23,102,227,201,7247,294,2024,6,June,25,6,Sunday,2,88.54625550660793,4.0568511108044705,197.05882352941177,-192,-49657,26,6953,239.71428571428572,245.42857142857142,84.13657206851249,3.3308976175616922,-82.42857142857143,237.14285714285714,232.07142857142858,78.70652166785949,3.1126076139619347,-61.285714285714285,244.9,219.5,78.53444638113689,2.9377190144257628,-54.666666666666664
2024-06-24,116,175,172,7239,202,2024,6,June,26,0,Monday,2,98.28571428571429,2.7904406686006356,148.27586206896552,-86,-49743,3,7037,231.42857142857142,237.28571428571428,86.96334646427762,3.2390760072739178,-81.57142857142857,236.85714285714286,232.0,82.19562967061115,3.120252630088493,-71.5,241.86666666666667,218.06666666666666,78.89812301458096,2.921319626923241,-53.96666666666667
2024-06-25,172,263,191,7239,202,2024,6,June,26,1,Tuesday,2,72.6235741444867,2.7904406686006356,111.04651162790698,-30,-49773,72,7037,225.42857142857142,224.14285714285714,86.77124934659659,3.062919092485062,-73.0,229.71428571428572,232.28571428571428,81.35818310329185,3.135681416817021,-71.85714285714286,242.66666666666666,219.56666666666666,79.63713641254925,2.9445472331544544,-53.46666666666667
2024-06-26,132,235,197,7268,187,2024,6,June,26,2,Wednesday,2,83.82978723404256,2.572922399559714,149.24242424242425,-55,-49828,38,7081,214.71428571428572,218.85714285714286,86.21237102519252,2.993201490485648,-71.57142857142857,223.64285714285714,228.64285714285714,81.16723451396186,3.0998517186882424,-71.57142857142857,241.96666666666667,219.6,80.69717466641272,2.9481485779158185,-57.3
2024-06-27,174,208,256,7248,268,2024,6,June,26,3,Thursday,2,123.07692307692308,3.69757174392936,147.1264367816092,-94,-49922,-48,6980,215.14285714285714,226.57142857142858,91.62547643829794,3.1049215488827184,-77.28571428571429,230.07142857142858,225.5,85.85562570754337,3.064867028848122,-64.28571428571429,239.13333333333333,219.7,80.81143467540957,2.9550044305300407,-55.43333333333333
2024-06-30,123,230,167,6874,273,2024,6,June,26,6,Sunday,2,72.60869565217392,3.971486761710794,135.77235772357724,-150,-50072,63,6601,203.85714285714286,237.28571428571428,91.05021667165256,3.2917344315833454,-99.57142857142857,225.64285714285714,229.85714285714286,86.14461295044886,3.1449842683039493,-73.0,237.56666666666666,221.0,81.13368531479576,2.9842809114833,-59.5
2024-07-01,123,233,159,6825,229,2024,7,July,27,0,Monday,3,68.24034334763948,3.355311355311355,129.26829268292684,-106,-50178,74,6596,191.85714285714286,236.42857142857142,86.74447046394114,3.3192892440738526,-101.85714285714286,221.0,235.07142857142858,86.47346864411142,3.2359391403306788,-82.71428571428571,233.6,218.7,80.26712048853064,2.961087465451355,-57.86666666666667
2024-07-02,141,232,188,6823,184,2024,7,July,27,1,Tuesday,3,81.03448275862068,2.6967609555913823,133.33333333333331,-43,-50221,44,6639,190.0,220.71428571428572,85.67136007137152,3.124990650471982,-80.57142857142857,214.85714285714286,233.07142857142858,84.90396606994202,3.227944134016837,-81.5,232.63333333333333,218.43333333333334,80.26926493869361,2.9641173908983207,-56.6
2024-07-04,158,226,191,6790,225,2024,7,July,27,3,Thursday,3,84.51327433628319,3.313696612665685,120.88607594936708,-67,-50288,35,6565,192.71428571428572,224.0,83.70386865002423,3.1997414996241322,-77.85714285714286,212.07142857142858,230.64285714285714,85.33360755715093,3.2194087534490246,-79.71428571428571,233.13333333333333,221.1,81.40055032844711,3.0092939158405887,-60.53333333333333
2024-07-07,96,160,233,6599,213,2024,7,July,27,6,Sunday,3,145.625,3.227761782088195,242.70833333333334,-117,-50405,-73,6386,198.71428571428572,225.57142857142858,94.1326437722404,3.2622159444080694,-90.28571428571429,212.07142857142858,224.85714285714286,90.4519465594185,3.162567518446566,-81.64285714285714,231.83333333333334,221.26666666666668,83.65681823675658,3.024119941883436,-63.1
2024-07-08,141,173,129,6617,123,2024,7,July,28,0,Monday,3,74.56647398843931,1.8588484207344718,91.48936170212765,18,-50387,44,6494,189.0,216.42857142857142,92.8093133085828,3.160205376004463,-79.85714285714286,201.85714285714286,217.64285714285714,89.51084216688766,3.0767034332450556,-75.71428571428571,225.66666666666666,217.8,82.29432815401827,2.985111891287333,-61.36666666666667
2024-07-09,116,181,182,6651,130,2024,7,July,28,1,Tuesday,3,100.55248618784532,1.9545932942414677,156.89655172413794,-14,-50401,-1,6521,178.42857142857142,196.71428571428572,89.59153661014314,2.9112084546204784,-68.42857142857143,196.78571428571428,211.64285714285714,90.60850652422053,3.0080650017515986,-72.85714285714286,223.33333333333334,216.56666666666666,83.20421722849683,2.974682290074789,-61.46666666666667
2024-07-10,150,157,201,6649,177,2024,7,July,28,2,Wednesday,3,128.02547770700636,2.662054444277335,134.0,-27,-50428,-44,6472,183.28571428571428,183.0,97.50821976083348,2.7241466949871276,-50.857142857142854,193.57142857142858,210.14285714285714,94.27921821624302,3.0079405632852363,-75.21428571428571,222.06666666666666,217.43333333333334,85.18246112141237,2.9955644679648277,-62.43333333333333
2024-07-11,80,176,125,6640,197,2024,7,July,28,3,Thursday,3,71.02272727272727,2.966867469879518,156.25,-117,-50545,51,6443,178.42857142857142,178.42857142857142,97.90570317870315,2.668654711354008,-52.42857142857143,185.14285714285714,207.42857142857142,92.32508682132216,2.99397197771393,-77.14285714285714,220.96666666666667,219.3,86.40991422386547,3.03171809327906,-67.7
2024-07-14,116,188,164,6308,237,2024,7,July,28,6,Sunday,3,87.2340425531915,3.7571337983513,141.3793103448276,-121,-50666,24,6071,175.0,186.0,98.79135457792758,2.820136546033996,-63.57142857142857,182.5,203.35714285714286,92.23135732464955,2.972563598252989,-72.07142857142857,215.13333333333333,220.86666666666667,86.5344644107781,3.0732148666799635,-70.96666666666667
2024-07-15,105,185,158,6283,171,2024,7,July,29,0,Monday,3,85.4054054054054,2.7216297946840684,150.47619047619048,-66,-50732,27,6112,170.28571428571428,178.28571428571428,98.91880187351646,2.7355555720366227,-63.42857142857143,181.5,201.14285714285714,91.31133526177034,2.9676485358303775,-70.64285714285714,209.66666666666666,216.36666666666667,86.1287860050997,3.028764908338617,-68.26666666666667
2024-07-16,136,246,123,6239,173,2024,7,July,29,1,Tuesday,3,50.0,2.772880269273922,90.44117647058823,-37,-50769,123,6066,154.57142857142858,172.57142857142858,85.25808758780217,2.67057249877744,-52.0,176.64285714285714,199.07142857142858,89.6953656800213,2.9663942215927546,-71.14285714285714,205.2,214.66666666666666,84.28452371001774,3.022896901165564,-65.66666666666667
2024-07-17,128,228,177,6228,187,2024,7,July,29,2,Wednesday,3,77.63157894736842,3.0025690430314707,138.28125,-59,-50828,51,6041,161.42857142857142,181.71428571428572,85.69595972479203,2.8339611591055833,-63.0,175.21428571428572,199.07142857142858,89.25263651668742,2.997083267555023,-71.42857142857143,205.23333333333332,214.13333333333333,85.22430293335698,3.033535521172319,-69.53333333333333
2024-07-21,90,196,205,6058,262,2024,7,July,29,6,Sunday,3,104.59183673469387,4.324859689666557,227.77777777777777,-172,-51000,-9,5796,164.71428571428572,200.57142857142858,86.27300980291326,3.17257064416631,-85.57142857142857,171.57142857142858,198.64285714285714,87.9322732065282,3.0418895493933946,-77.0,202.36666666666667,216.26666666666668,85.89910328828155,3.0918829223478292,-74.43333333333334
2024-07-22,102,189,155,6002,234,2024,7,July,30,0,Monday,3,82.01058201058201,3.898700433188937,151.96078431372547,-132,-51132,34,5768,158.14285714285714,208.71428571428572,79.69945327485264,3.349234356867967,-100.57142857142857,170.71428571428572,195.85714285714286,88.60383651784306,3.0366905259275474,-75.71428571428571,198.13333333333333,216.13333333333333,85.74935377247886,3.119354997675374,-76.86666666666666
2024-07-23,120,257,126,5965,170,2024,7,July,30,1,Tuesday,3,49.0272373540856,2.8499580888516345,105.0,-50,-51182,131,5795,158.28571428571428,204.85714285714286,76.55724042933241,3.332533016721127,-91.0,168.35714285714286,191.64285714285714,87.23147180401779,3.0005938640375676,-71.71428571428571,196.8,211.4,85.46894680538898,3.0747750205807263,-72.0
2024-07-24,137,272,166,5927,177,2024,7,July,30,2,Wednesday,3,61.029411764705884,2.986333727011979,121.16788321167884,-40,-51222,106,5750,158.57142857142858,196.28571428571428,72.81372174526304,3.22241872081551,-79.42857142857143,166.78571428571428,191.14285714285714,85.8025381615953,3.021277633424753,-71.5,194.7,210.23333333333332,85.21783138916263,3.079324631170152,-72.4
2024-07-25,93,198,208,5954,194,2024,7,July,30,3,Thursday,3,105.05050505050507,3.258313738663084,223.6559139784946,-101,-51323,-10,5760,165.71428571428572,199.57142857142858,75.62016455170583,3.299087855669655,-84.42857142857143,168.0,188.92857142857142,87.26948321261114,3.0173217138531387,-73.92857142857143,194.16666666666666,211.5,86.59830276963399,3.1185369842276836,-76.76666666666667
2024-07-28,152,290,199,5743,207,2024,7,July,30,6,Sunday,3,68.62068965517241,3.604387950548494,130.92105263157893,-55,-51378,91,5536,176.57142857142858,204.42857142857142,78.28026307387333,3.417874667280308,-87.0,165.57142857142858,188.5,81.76917533083774,3.044223583028874,-69.5,191.66666666666666,211.33333333333334,85.45207513157332,3.145060214446461,-76.6
2024-07-29,114,210,219,5819,163,2024,7,July,31,0,Monday,3,104.28571428571429,2.8011685856676403,192.10526315789474,-49,-51427,-9,5656,182.57142857142858,201.0,82.08799669363702,3.3891031733711894,-85.57142857142857,172.0,191.35714285714286,83.89197820921454,3.1115321662383866,-74.28571428571429,191.3,208.13333333333333,86.31165582391851,3.1239927692815472,-75.16666666666667
2024-07-30,125,203,208,5930,92,2024,7,July,31,1,Tuesday,3,102.46305418719213,1.551433389544688,166.4,33,-51394,-5,5838,183.0,176.71428571428572,81.78388490113677,2.992899416210922,-56.285714285714285,173.85714285714286,188.64285714285714,84.028447352025,3.0827350301886165,-70.92857142857143,190.46666666666667,201.4,87.26148249788312,3.04158924652895,-71.06666666666666
2024-07-31,140,261,163,5963,154,2024,7,July,31,2,Wednesday,3,62.45210727969349,2.582592654704008,116.42857142857143,-14,-51408,98,5809,184.14285714285714,165.28571428571428,78.9898170824384,2.804884019284504,-39.42857142857143,171.14285714285714,187.0,79.34463517864552,3.0770591880762352,-70.0,186.83333333333334,199.06666666666666,86.41848822441055,3.0256441479005627,-69.36666666666666
2024-08-01,227,298,212,6016,169,2024,8,August,31,3,Thursday,3,71.14093959731544,2.8091755319148937,93.3920704845815,58,-51350,86,5847,196.42857142857142,165.14285714285714,82.14891740289981,2.799057939722112,-24.0,177.35714285714286,185.0,79.35307891611612,3.0657954782216197,-57.5,185.46666666666667,197.56666666666666,85.95034670481489,3.022098954459397,-65.63333333333334
2024-08-04,63,167,143,5943,170,2024,8,August,31,6,Sunday,3,85.62874251497006,2.8605081608615177,226.984126984127,-107,-51457,24,5773,193.14285714285714,164.14285714285714,85.66310751008042,2.781082858843475,-33.57142857142857,175.85714285714286,180.21428571428572,79.23841462767173,3.001750789829493,-56.5,182.03333333333333,196.63333333333333,86.25012098802418,3.0286560070612345,-69.4
2024-08-05,172,259,138,5950,150,2024,8,August,32,0,Monday,3,53.28185328185329,2.5210084033613445,80.23255813953489,22,-51435,121,5800,183.14285714285714,157.85714285714286,78.26758582884445,2.675753525228941,-16.0,174.42857142857142,178.71428571428572,76.94387519027514,2.987420690449298,-50.214285714285715,178.53333333333333,193.8,84.7468305373653,3.0072753649106847,-65.66666666666667
2024-08-06,163,283,200,5998,143,2024,8,August,32,1,Tuesday,3,70.6713780918728,2.3841280426808935,122.69938650306749,20,-51415,83,5855,183.28571428571428,148.71428571428572,78.56054131980163,2.501430681247855,-5.285714285714286,179.92857142857142,176.57142857142858,78.42040219683747,2.9596526742640816,-46.142857142857146,178.5,188.76666666666668,84.15100129020745,2.9515179293065663,-58.6
2024-08-07,135,273,207,6038,174,2024,8,August,32,2,Wednesday,3,75.82417582417582,2.881748923484597,153.33333333333334,-39,-51454,66,5864,181.57142857142858,150.28571428571428,74.49460725386757,2.512942158078849,-3.857142857142857,182.07142857142858,175.64285714285714,78.2913019737523,2.9510226657250196,-44.714285714285715,179.66666666666666,187.83333333333334,83.40228334148951,2.954561537802698,-57.03333333333333
2024-08-08,119,230,213,6084,174,2024,8,August,32,3,Thursday,3,92.6086956521739,2.8599605522682445,178.99159663865547,-55,-51509,17,5910,182.28571428571428,162.0,73.08684174886497,2.6998746098965,-16.428571428571427,182.64285714285714,169.35714285714286,77.43536332500086,2.846387013053711,-36.357142857142854,180.4,186.9,84.06845405841243,2.956878867258285,-57.86666666666667
2024-08-11,95,211,140,5894,249,2024,8,August,32,6,Sunday,3,66.35071090047393,4.224635222259925,147.36842105263156,-154,-51663,71,5645,179.0,175.57142857142858,73.64378512326218,2.934452119547345,-36.42857142857143,181.57142857142858,170.42857142857142,76.31680110285029,2.869668069415925,-37.92857142857143,178.5,188.96666666666667,83.4858181806268,3.011935961348292,-61.166666666666664
2024-08-12,109,219,155,5903,148,2024,8,August,33,0,Monday,3,70.77625570776256,2.5071997289513805,142.2018348623853,-39,-51702,64,5755,170.85714285714286,172.57142857142858,73.59168742475461,2.8913127191239867,-50.285714285714285,183.64285714285714,168.85714285714286,77.8703024138272,2.845185329423049,-37.142857142857146,175.13333333333333,184.96666666666667,81.74246260165478,2.9722568941823595,-59.333333333333336
2024-08-13,162,239,189,5981,123,2024,8,August,33,1,Tuesday,3,79.07949790794979,2.056512288914897,116.66666666666667,39,-51663,50,5858,177.42857142857142,165.85714285714286,72.65608105232316,2.7764561659887548,-29.428571428571427,185.28571428571428,165.0,79.15959428120178,2.778769512416115,-31.5,175.86666666666667,179.96666666666667,81.95815601018064,2.9084244117558296,-53.03333333333333
2024-08-14,109,226,191,5987,178,2024,8,August,33,2,Wednesday,3,84.51327433628319,2.9731084015366624,175.22935779816513,-69,-51732,35,5809,185.0,169.85714285714286,77.11771263152743,2.8410418800138,-42.42857142857143,184.07142857142858,163.85714285714286,77.69264923018594,2.75839770262137,-29.214285714285715,176.93333333333334,178.26666666666668,82.50058704313544,2.8956843132966728,-51.8
2024-08-15,124,241,156,5895,220,2024,8,August,33,3,Thursday,3,64.73029045643153,3.7319762510602206,125.80645161290323,-96,-51828,85,5675,178.71428571428572,180.85714285714286,76.26898582646439,3.03359162406799,-59.0,181.0,164.78571428571428,77.41476357313302,2.767511152657922,-32.142857142857146,175.86666666666667,179.46666666666667,81.9571139663958,2.9301914898123007,-53.56666666666667
2024-08-18,86,244,235,5821,178,2024,8,August,33,6,Sunday,3,96.31147540983606,3.0578938326747984,273.25581395348837,-92,-51920,9,5643,182.71428571428572,181.42857142857142,79.19574291013014,3.0587551825237327,-66.57142857142857,182.14285714285714,165.85714285714286,76.84517508199886,2.785848670301291,-35.214285714285715,177.33333333333334,177.9,82.35038733551421,2.9216647304792716,-54.4
2024-08-19,176,254,162,5865,158,2024,8,August,34,0,Monday,3,63.77952755905512,2.6939471440750213,92.04545454545455,18,-51902,92,5707,175.42857142857142,179.14285714285714,75.07729032539888,3.035038981353272,-56.142857142857146,178.85714285714286,170.57142857142858,74.08206603713192,2.8674567956248858,-36.285714285714285,174.96666666666667,176.06666666666666,79.62220492081606,2.903870909212166,-49.9
2024-08-20,136,274,245,5995,112,2024,8,August,34,1,Tuesday,3,89.41605839416059,1.8682235195996666,180.14705882352942,24,-51878,29,5883,190.42857142857142,159.57142857142858,78.37233996735412,2.6984087381160924,-30.714285714285715,184.71428571428572,167.57142857142858,76.00806254530815,2.816430428831719,-33.57142857142857,178.83333333333334,175.7,80.11719106767345,2.904183412507672,-49.7
2024-08-21,134,245,167,6028,156,2024,8,August,34,2,Wednesday,3,68.16326530612244,2.5879230258792303,124.62686567164178,-22,-51900,78,5872,192.14285714285714,160.71428571428572,77.99905562426268,2.7099406376772137,-28.285714285714285,181.5,166.64285714285714,75.79537152450864,2.8006266784006,-39.285714285714285,178.33333333333334,176.56666666666666,79.037550371616,2.925294403562264,-49.96666666666667
2024-08-22,182,307,205,6054,171,2024,8,August,34,3,Thursday,3,66.77524429967427,2.8245787908820614,112.63736263736264,11,-51889,102,5883,194.42857142857142,167.57142857142858,76.24130510879475,2.8196644236725232,-32.285714285714285,185.92857142857142,166.71428571428572,74.44869308055895,2.7980602948306386,-30.857142857142858,178.46666666666667,176.36666666666667,76.99587592470495,2.930711881782422,-48.7
2024-08-27,149,285,222,6152,97,2024,8,August,35,1,Tuesday,3,77.89473684210526,1.5767230169050714,148.99328859060404,52,-51837,63,6055,198.85714285714286,156.0,75.29579975248362,2.620180797296581,-15.0,191.92857142857142,162.92857142857142,76.20675619200551,2.7306113386551907,-28.714285714285715,181.7,173.03333333333333,77.22494291035086,2.8843737333499404,-43.06666666666667
2024-08-28,170,285,178,6227,134,2024,8,August,35,2,Wednesday,3,62.4561403508772,2.1519190621487074,104.70588235294119,36,-51801,107,6093,202.0,143.71428571428572,74.97092116597584,2.3944583417377934,3.857142857142857,190.35714285714286,162.28571428571428,75.61995349622012,2.7140249829028917,-27.571428571428573,182.16666666666666,169.6,76.39901283694039,2.8308665754765205,-37.833333333333336
2024-08-29,145,295,188,6250,169,2024,8,August,35,3,Thursday,3,63.72881355932203,2.704,129.65517241379308,-24,-51825,107,6081,195.28571428571428,142.42857142857142,70.316255187331,2.3439020799271084,13.571428571428571,189.0,161.92857142857142,74.75599904873057,2.70132863122542,-26.5,183.16666666666666,169.53333333333333,75.67645977540428,2.8302789156537185,-36.43333333333333
2024-09-02,133,270,198,6192,129,2024,9,September,36,0,Monday,3,73.33333333333333,2.083333333333333,148.87218045112783,4,-51821,72,6063,200.42857142857142,138.28571428571428,71.68108458365644,2.2566715355354385,11.571428571428571,187.92857142857142,158.71428571428572,73.37918745452767,2.6458552584443558,-22.285714285714285,185.66666666666666,168.06666666666666,76.45423755318205,2.807294017789032,-35.06666666666667
2024-09-03,131,263,177,6272,112,2024,9,September,36,1,Tuesday,3,67.30038022813687,1.7857142857142856,135.1145038167939,19,-51802,86,6160,190.71428571428572,138.28571428571428,68.5217019885102,2.244884502123241,10.857142857142858,190.57142857142858,148.92857142857142,73.44702097793217,2.471646620119667,-9.928571428571429,185.66666666666666,165.56666666666666,76.109864262541,2.766732192545126,-32.46666666666667
2024-09-04,121,231,219,6375,114,2024,9,September,36,2,Wednesday,3,94.8051948051948,1.7882352941176471,180.99173553719007,7,-51795,12,6261,198.14285714285714,132.28571428571428,72.3276919169491,2.1306433975858723,15.0,195.14285714285714,146.5,75.16337377060589,2.4202920176315432,-6.642857142857143,186.13333333333333,160.63333333333333,75.78364286489104,2.682178046026829,-26.5
2024-09-05,126,230,175,6448,121,2024,9,September,36,3,Thursday,3,76.08695652173914,1.8765508684863523,138.88888888888889,5,-51790,55,6327,193.85714285714286,125.14285714285714,73.65793652010123,1.9952108372436281,14.142857142857142,194.14285714285714,146.35714285714286,74.94962081444798,2.407437630458076,-9.071428571428571,186.8,156.86666666666667,75.58618868192961,2.6147730605367423,-21.933333333333334
2024-09-08,123,255,164,6312,221,2024,9,September,36,6,Sunday,3,64.31372549019608,3.501267427122941,133.33333333333331,-98,-51888,91,6091,185.57142857142858,142.85714285714286,71.71779204125707,2.270145752989038,-7.285714285714286,192.21428571428572,149.42857142857142,73.50679589687034,2.44516327514281,-11.142857142857142,188.06666666666666,158.56666666666666,76.09573828646663,2.636483371812453,-23.533333333333335
2024-09-09,144,275,190,6353,141,2024,9,September,37,0,Monday,3,69.0909090909091,2.2194238942232016,131.94444444444443,3,-51885,85,6212,187.28571428571428,143.85714285714286,72.6656161469759,2.2797893004282517,-12.0,194.64285714285714,143.78571428571428,73.81826865647588,2.3371238210830225,-4.071428571428571,188.86666666666667,157.36666666666667,76.36445486400673,2.610919710719494,-22.1
2024-09-10,131,251,180,6396,148,2024,9,September,37,1,Tuesday,3,71.71314741035857,2.313946216385241,137.40458015267177,-17,-51902,71,6248,186.14285714285714,140.85714285714286,73.80623526855256,2.224067331340429,-11.0,190.71428571428572,141.64285714285714,72.06124522794177,2.2839847056337685,1.2857142857142858,187.93333333333334,155.83333333333334,75.2532096093352,2.579440793310232,-19.3
2024-09-11,93,248,175,6410,162,2024,9,September,37,2,Wednesday,3,70.56451612903226,2.527301092043682,188.1720430107527,-69,-51971,73,6248,182.85714285714286,145.57142857142858,73.41068995365241,2.2874912968704786,-21.428571428571427,191.64285714285714,141.92857142857142,72.54588726865443,2.272081416202959,-4.928571428571429,187.13333333333333,154.33333333333334,75.31800382513052,2.543537898026739,-19.766666666666666
2024-09-12,184,280,210,6360,220,2024,9,September,37,3,Thursday,3,75.0,3.459119496855346,114.13043478260869,-36,-52007,70,6140,187.57142857142858,161.0,74.51063563534714,2.526549184176344,-29.285714285714285,189.14285714285714,149.64285714285714,71.51616881192867,2.385716843149793,-9.214285714285714,186.83333333333334,156.23333333333332,74.34181334894005,2.5654695950663284,-19.333333333333332
2024-09-13,81,200,212,6326,279,2024,9,September,37,4,Friday,3,106.0,4.41036990199178,261.7283950617284,-198,-52205,-12,6047,186.57142857142858,184.57142857142858,76.10989352031932,2.9011398424440777,-58.57142857142857,192.35714285714286,158.42857142857142,74.2187927186342,2.5158916200149752,-21.785714285714285,186.96666666666667,162.46666666666667,74.4597115427003,2.6607674788145648,-27.033333333333335
2024-09-15,98,220,167,6234,210,2024,9,September,37,6,Sunday,3,75.9090909090909,3.368623676612127,170.40816326530611,-112,-52317,53,6024,185.42857142857142,197.28571428571428,76.08448414708384,3.11429310074776,-75.28571428571429,189.64285714285714,161.21428571428572,74.87121033359254,2.5547519689956943,-30.571428571428573,187.1,164.33333333333334,74.9082776636802,2.686968512878169,-30.3
2024-09-16,113,209,160,6229,164,2024,9,September,38,0,Monday,3,76.55502392344498,2.6328463637823085,141.5929203539823,-51,-52368,49,6065,184.85714285714286,189.14285714285714,77.8332410661194,2.9902329488419546,-68.57142857142857,185.21428571428572,166.0,74.77551655368823,2.6301893509154968,-37.92857142857143,185.36666666666667,164.16666666666666,75.08874714121787,2.681090873940416,-33.93333333333333
2024-09-17,159,304,139,6227,160,2024,9,September,38,1,Tuesday,3,45.723684210526315,2.5694555965954713,87.42138364779875,-1,-52369,165,6067,177.57142857142858,191.85714285714286,74.49506608320758,3.040237477752279,-69.14285714285714,182.42857142857142,167.85714285714286,73.58034111509174,2.6600133890902655,-40.57142857142857,185.23333333333332,163.83333333333334,73.75857853106974,2.6713891217982146,-30.4
2024-09-18,116,213,217,6245,149,2024,9,September,38,2,Wednesday,3,101.87793427230048,2.3859087269815853,187.06896551724137,-33,-52402,-4,6096,182.85714285714286,192.0,78.80432134919927,3.0505178364089,-71.42857142857143,184.5,166.42857142857142,76.30527830887591,2.637292583874664,-41.214285714285715,187.86666666666667,163.8,75.37844789741798,2.666885799252223,-32.233333333333334
2024-09-19,93,196,169,6270,188,2024,9,September,38,3,Thursday,3,86.22448979591837,2.9984051036682615,181.72043010752688,-95,-52497,27,6082,182.0,195.71428571428572,81.04146044446873,3.1178184094981254,-75.14285714285714,182.42857142857142,170.64285714285714,77.22607519906056,2.702654853184302,-48.285714285714285,186.83333333333334,165.3,75.8968849542195,2.687361701285135,-36.06666666666667
2024-09-22,124,234,161,5989,197,2024,9,September,38,6,Sunday,3,68.80341880341881,3.2893638336951074,129.83870967741936,-73,-52570,73,5792,175.0,192.42857142857142,80.15623455924285,3.093567600475235,-80.42857142857143,181.28571428571428,176.71428571428572,77.333435097295,2.81005839232579,-54.857142857142854,185.3,166.06666666666666,75.66285972019426,2.7009488649588187,-37.2
2024-09-23,92,203,173,6002,165,2024,9,September,39,0,Monday,3,85.22167487684729,2.749083638787071,188.04347826086956,-73,-52643,30,5837,169.42857142857142,176.14285714285714,77.18790239879245,2.8562409914459903,-62.57142857142857,178.0,180.35714285714286,76.64889795955587,2.8786904169450342,-60.57142857142857,183.96666666666667,165.76666666666668,75.41662569435003,2.6972529678427795,-37.8
2024-09-24,186,259,172,6023,143,2024,9,September,39,1,Tuesday,3,66.40926640926641,2.374232110244064,92.47311827956989,43,-52600,87,5880,170.14285714285714,166.57142857142858,75.83078461310323,2.7141850533934098,-40.42857142857143,177.78571428571428,181.92857142857142,75.95763438009354,2.9142390770705853,-57.857142857142854,185.03333333333333,162.23333333333332,75.41857754464313,2.6355728641089176,-31.233333333333334
2024-09-25,154,225,220,6050,169,2024,9,September,39,2,Wednesday,3,97.77777777777777,2.793388429752066,142.85714285714286,-15,-52615,5,5881,178.71428571428572,167.28571428571428,78.86260659229363,2.7371196342462327,-35.285714285714285,181.78571428571428,178.21428571428572,78.34792382920651,2.863676291544094,-51.92857142857143,187.2,162.93333333333334,76.3186282803103,2.6451124874689405,-30.433333333333334
2024-09-26,91,199,172,6090,185,2024,9,September,39,3,Thursday,3,86.4321608040201,3.037766830870279,189.010989010989,-94,-52709,27,5905,183.42857142857142,170.85714285714286,84.67810324850703,2.804021239142634,-48.57142857142857,180.5,181.35714285714286,79.58658466585732,2.922129358447456,-58.857142857142854,186.63333333333333,165.0,76.56371704351264,2.677820972200786,-34.86666666666667
2024-09-29,81,213,153,5925,177,2024,9,September,39,6,Sunday,3,71.83098591549296,2.9873417721518987,188.88888888888889,-96,-52805,60,5748,174.28571428571428,174.85714285714286,80.38568205467739,2.8899402455955356,-57.57142857142857,178.57142857142858,183.42857142857142,79.59500170193833,2.9702290410022174,-64.5,185.36666666666667,164.96666666666667,76.14097409615297,2.678295417887961,-35.766666666666666
2024-09-30,209,285,184,5967,138,2024,9,September,40,0,Monday,3,64.56140350877193,2.3127199597787835,88.03827751196172,71,-52734,101,5829,176.42857142857142,167.71428571428572,77.2909554422279,2.7919852250398955,-33.857142857142854,179.21428571428572,181.71428571428572,79.16620794334831,2.9549018172690107,-54.5,186.3,162.23333333333332,76.13534453123097,2.6309868748452465,-30.2
2024-10-01,184,314,217,6040,137,2024,10,October,40,1,Tuesday,4,69.10828025477707,2.2682119205298013,117.93478260869566,47,-52687,97,5903,184.42857142857142,159.14285714285714,77.33450707813621,2.6461063803019944,-16.714285714285715,179.71428571428572,175.78571428571428,78.74537081868952,2.8698369903886145,-48.57142857142857,185.7,160.86666666666667,75.22857135939567,2.604664144440413,-25.566666666666666
2024-10-02,107,215,230,6091,173,2024,10,October,40,2,Wednesday,4,106.9767441860465,2.8402561155803645,214.9532710280374,-66,-52753,-15,5918,192.57142857142858,160.28571428571428,80.44237412230754,2.659131019843894,-15.714285714285714,181.0,168.21428571428572,78.81513826055,2.757686005644942,-39.142857142857146,187.96666666666667,161.36666666666667,76.6684785802954,2.6095411101572576,-28.366666666666667
2024-10-03,101,162,178,6118,193,2024,10,October,40,3,Thursday,4,109.87654320987654,3.154625694671461,176.23762376237624,-92,-52845,-16,5925,193.42857142857142,167.42857142857142,86.65198509382326,2.7706158176192366,-35.0,181.78571428571428,167.0,81.24138485346325,2.742400435506323,-37.714285714285715,185.73333333333332,164.06666666666666,77.35049474081924,2.652421182659651,-32.233333333333334
2024-10-07,99,190,176,5968,153,2024,10,October,41,0,Monday,4,92.63157894736842,2.5636729222520107,177.77777777777777,-54,-52899,14,5815,187.14285714285714,165.14285714285714,85.91681383233622,2.7377993165478,-40.57142857142857,182.92857142857142,166.21428571428572,82.38971021231494,2.7374594753970163,-37.92857142857143,186.03333333333333,163.96666666666667,78.16610519552746,2.6516128458720774,-33.3
2024-10-08,167,239,166,6013,123,2024,10,October,41,1,Tuesday,4,69.4560669456067,2.045567936138367,99.40119760479041,44,-52855,73,5890,186.28571428571428,156.28571428571428,83.49165756684859,2.596056617300384,-20.857142857142858,184.85714285714286,163.57142857142858,84.08488040767782,2.7000389282215087,-34.714285714285715,184.73333333333332,162.36666666666667,78.25546595039187,2.625645817380621,-32.2
2024-10-09,115,216,169,6047,137,2024,10,October,41,2,Wednesday,4,78.24074074074075,2.265586241111295,146.95652173913044,-22,-52877,47,5910,188.57142857142858,150.57142857142858,84.40733682759826,2.492948684294583,-10.285714285714286,181.42857142857142,162.71428571428572,82.39650944113782,2.6914444649450595,-33.92857142857143,182.96666666666667,163.7,78.26699941367973,2.6486079248541614,-34.666666666666664
2024-10-10,84,158,193,6075,159,2024,10,October,41,3,Thursday,4,122.15189873417722,2.617283950617284,229.76190476190476,-75,-52952,-35,5916,189.85714285714286,153.57142857142858,92.6345504312276,2.5364578258429407,-31.142857142857142,183.14285714285714,160.64285714285714,84.96275293672775,2.6642215254414183,-32.5,183.46666666666667,164.53333333333333,80.2568580264564,2.6641200878031137,-38.36666666666667
2024-10-13,130,227,192,5889,210,2024,10,October,41,6,Sunday,4,84.58149779735683,3.565970453387672,147.6923076923077,-80,-53032,35,5679,186.28571428571428,164.0,94.84501008016757,2.7218519019654934,-49.285714285714285,185.35714285714286,161.57142857142858,86.08975857915189,2.6839791411337437,-33.0,183.6,165.9,80.95194750105755,2.6928524362493693,-40.233333333333334
2024-10-14,88,214,160,5935,106,2024,10,October,42,0,Monday,4,74.76635514018692,1.7860151642796966,181.8181818181818,-18,-53050,54,5829,176.28571428571428,154.42857142857142,90.24352593075905,2.571246051779684,-42.42857142857143,184.42857142857142,157.35714285714286,85.3429500265333,2.6151885358117886,-29.071428571428573,182.33333333333334,165.13333333333333,80.99971489461933,2.682941830614248,-40.96666666666667
2024-10-15,113,208,159,6013,107,2024,10,October,42,1,Tuesday,4,76.4423076923077,1.7794777981041077,140.7079646017699,6,-53044,49,5906,173.57142857142858,142.14285714285714,85.46720657110636,2.3747963522700615,-28.428571428571427,183.5,154.78571428571428,86.05959583246481,2.572706084944649,-31.714285714285715,181.73333333333332,164.96666666666667,81.3044458100917,2.6827339476939094,-41.4
2024-10-16,174,285,150,6036,129,2024,10,October,42,2,Wednesday,4,52.63157894736842,2.137176938369781,86.20689655172413,45,-52999,135,5907,169.85714285714286,138.71428571428572,79.75292085682064,2.3138683545726004,-14.285714285714286,178.5,151.92857142857142,82.83486734457844,2.5258338355602,-27.428571428571427,179.43333333333334,165.46666666666667,79.89865861483082,2.694365335835647,-40.13333333333333
2024-10-17,104,230,206,6076,160,2024,10,October,42,3,Thursday,4,89.56521739130436,2.633311389071758,198.0769230769231,-56,-53055,24,5916,175.57142857142858,144.0,82.62565663477746,2.397831704991656,-28.571428571428573,180.92857142857142,150.14285714285714,83.05865710081301,2.4969441611460206,-24.714285714285715,180.46666666666667,166.76666666666668,80.34793397714965,2.719590686521827,-42.166666666666664
2024-10-20,147,276,214,5918,195,2024,10,October,42,6,Sunday,4,77.53623188405797,3.2950321054410274,145.57823129251702,-48,-53103,62,5723,182.0,152.28571428571428,82.52501251239421,2.544895399895904,-32.285714285714285,185.28571428571428,151.42857142857142,83.46617466999624,2.5189220420952436,-21.285714285714285,182.13333333333333,165.9,80.78868419027839,2.7127161757990965,-40.5
2024-10-21,108,220,213,5966,154,2024,10,October,43,0,Monday,4,96.81818181818181,2.5812939993295343,197.22222222222223,-46,-53149,7,5812,184.85714285714286,151.57142857142858,78.90591009582343,2.5397539782833682,-28.142857142857142,187.35714285714286,152.57142857142858,85.77023026352552,2.5381059020631547,-29.642857142857142,182.9,166.33333333333334,81.71292661452081,2.7247785126359743,-42.13333333333333
2024-10-22,180,280,146,6043,109,2024,10,October,43,1,Tuesday,4,52.142857142857146,1.8037398643058082,81.11111111111111,71,-53078,134,5934,178.28571428571428,137.14285714285714,74.27181857375204,2.288006751271673,-6.571428571428571,182.28571428571428,150.57142857142858,84.5584143269598,2.5049293266185835,-27.928571428571427,181.76666666666668,165.03333333333333,81.0605836056041,2.7077716342333265,-39.2
2024-10-23,134,294,186,6077,138,2024,10,October,43,2,Wednesday,4,63.26530612244898,2.2708573309198616,138.80597014925374,-4,-53082,108,5939,182.0,141.71428571428572,72.62881157121805,2.357269917934554,-4.571428571428571,179.14285714285714,148.07142857142858,81.43616875098856,2.4642579848571193,-23.5,182.13333333333333,164.23333333333332,80.81727660538465,2.6992235088625325,-37.03333333333333
2024-10-27,202,313,158,5974,192,2024,10,October,43,6,Sunday,4,50.47923322683706,3.213927017073987,78.21782178217822,10,-53072,155,5782,181.85714285714286,153.85714285714286,68.91980093329367,2.562191234930251,-4.0,177.71428571428572,148.0,77.19350375220003,2.4684937936001563,-16.214285714285715,180.4,163.3,79.99991771294589,2.6910504262031543,-35.5
2024-10-28,110,272,193,6008,156,2024,10,October,44,0,Monday,4,70.95588235294117,2.596537949400799,175.45454545454547,-46,-53118,79,5852,188.0,157.71428571428572,71.5375585626612,2.627814236506111,-17.0,178.92857142857142,148.21428571428572,75.64523970974093,2.4708412955393553,-15.642857142857142,179.76666666666668,159.2,78.83178045804394,2.630589361116788,-30.433333333333334
2024-10-29,166,277,229,6106,126,2024,10,October,44,1,Tuesday,4,82.67148014440433,2.0635440550278417,137.95180722891567,40,-53078,48,5980,191.28571428571428,152.85714285714286,70.5527389559612,2.546418903071266,-3.2857142857142856,183.42857142857142,148.42857142857142,76.58919779536934,2.472125304031461,-15.928571428571429,181.83333333333334,156.4,79.05719343255439,2.5870867070639787,-25.366666666666667
2024-10-30,136,276,178,6149,160,2024,10,October,44,2,Wednesday,4,64.4927536231884,2.6020491136770207,130.88235294117646,-24,-53102,98,5989,186.14285714285714,147.85714285714286,68.68938491869413,2.4474213328192644,0.14285714285714285,184.07142857142858,150.07142857142858,75.60719871554417,2.496158366357584,-16.071428571428573,182.43333333333334,156.26666666666668,78.65511775587916,2.5860601320604686,-24.466666666666665
2024-10-31,87,246,173,6148,177,2024,10,October,44,3,Thursday,4,70.32520325203252,2.8789850357839946,198.85057471264366,-90,-53192,73,5971,180.42857142857142,151.14285714285714,64.90467369495852,2.48994862374133,-6.142857142857143,182.64285714285714,151.35714285714286,71.90529189539097,2.514851301012349,-17.142857142857142,183.56666666666666,156.83333333333334,79.47516839059604,2.5963777800334196,-27.433333333333334
2024-11-03,84,171,157,5990,184,2024,11,November,44,6,Sunday,4,91.81286549707602,3.0717863105175294,186.9047619047619,-100,-53292,14,5806,182.0,161.85714285714286,70.57181774556122,2.6710981160572906,-30.571428571428573,180.14285714285714,149.5,72.42181815965662,2.4795524336644816,-18.571428571428573,181.56666666666666,158.0,79.13966609808855,2.6192403661512844,-29.666666666666668
2024-11-04,167,209,157,6007,132,2024,11,November,45,0,Monday,4,75.11961722488039,2.1974363242883306,94.01197604790418,35,-53257,52,5875,177.85714285714286,161.0,72.26529076019428,2.6606094008242143,-25.0,179.92857142857142,151.35714285714286,72.44705116570616,2.5089396593793842,-14.785714285714286,181.16666666666666,156.13333333333333,78.76950367905395,2.59254140683862,-25.333333333333332
2024-11-05,109,245,159,6045,126,2024,11,November,45,1,Tuesday,4,64.89795918367346,2.0843672456575684,145.87155963302752,-17,-53274,86,5919,178.0,151.57142857142858,74.32510875402805,2.499243719193298,-28.857142857142858,179.92857142857142,152.71428571428572,71.62245484366086,2.530717477061774,-16.428571428571427,181.1,153.76666666666668,78.63932169172911,2.5523748539040354,-23.466666666666665
2024-11-06,156,256,176,6086,137,2024,11,November,45,2,Wednesday,4,68.75,2.2510680249753534,112.82051282051282,19,-53255,80,5949,175.57142857142858,148.85714285714286,74.00998270360788,2.4498908728468054,-19.571428571428573,181.78571428571428,153.28571428571428,72.77377063313455,2.5388525546764584,-18.285714285714285,181.2,152.83333333333334,78.09026586250087,2.535774333443645,-20.4
2024-11-07,125,232,192,6084,177,2024,11,November,45,3,Thursday,4,82.75862068965517,2.9092702169625246,153.6,-52,-53307,40,5907,170.28571428571428,156.14285714285714,74.02243135292942,2.5707088959803315,-32.714285714285715,180.78571428571428,154.5,72.28758515444532,2.5585638995257987,-18.0,181.86666666666667,153.96666666666667,78.63524433851381,2.5536089370009267,-23.566666666666666
2024-11-11,118,139,168,5963,145,2024,11,November,46,0,Monday,4,120.86330935251799,2.4316619151433843,142.3728813559322,-27,-53334,-29,5818,168.85714285714286,154.0,82.0753678856908,2.5463678676183834,-33.142857142857146,177.5,150.92857142857142,75.38237640219246,2.496894600218824,-16.5,180.13333333333333,153.16666666666666,79.40476205767183,2.5415513865139707,-23.966666666666665
2024-11-12,142,235,139,5975,138,2024,11,November,46,1,Tuesday,4,59.148936170212764,2.3096234309623433,97.88732394366197,4,-53330,96,5837,164.0,148.42857142857142,80.4787583025737,2.4650304955010047,-19.714285714285715,172.21428571428572,149.78571428571428,72.6917159987661,2.477489559621168,-12.928571428571429,179.03333333333333,151.6,78.49532123654492,2.5172799398503733,-20.7
2024-11-13,148,245,175,5966,151,2024,11,November,46,2,Wednesday,4,71.42857142857143,2.531009051290647,118.24324324324324,-3,-53333,70,5815,166.57142857142858,143.71428571428572,77.5667162927873,2.387776601325736,-5.857142857142857,174.28571428571428,152.78571428571428,74.06926701917426,2.529437358691513,-18.214285714285715,179.76666666666668,150.73333333333332,78.4819074203142,2.502068849154998,-17.6
2024-11-14,119,219,210,6025,172,2024,11,November,46,3,Thursday,4,95.8904109589041,2.854771784232365,176.47058823529412,-53,-53386,9,5853,174.14285714285714,149.42857142857142,80.53397254050499,2.481681667032027,-18.428571428571427,176.0,155.21428571428572,76.39963165034963,2.571145533928121,-21.714285714285715,180.63333333333333,151.86666666666667,79.52620766865195,2.520137243303451,-21.733333333333334
2024-11-17,105,210,149,5816,195,2024,11,November,46,6,Sunday,4,70.95238095238095,3.3528198074277857,141.9047619047619,-90,-53476,61,5621,172.71428571428572,159.28571428571428,81.39888993603462,2.662889175856343,-28.857142857142858,175.35714285714286,155.42857142857142,77.86199934503134,2.581066447524821,-28.857142857142858,178.36666666666667,153.8,79.5876776919054,2.5562908395333834,-26.3
2024-11-18,143,203,163,5819,138,2024,11,November,47,0,Monday,4,80.29556650246306,2.371541501976284,113.98601398601397,5,-53471,40,5681,170.85714285714286,159.42857142857142,83.04825657924364,2.680099672570762,-30.857142857142858,173.21428571428572,154.14285714285714,78.52911964142575,2.564995272708784,-25.214285714285715,176.13333333333333,152.63333333333333,78.69830510245262,2.540667019079914,-23.933333333333334
2024-11-19,119,209,152,5844,146,2024,11,November,47,1,Tuesday,4,72.72727272727273,2.4982888432580426,127.73109243697478,-27,-53498,57,5698,165.14285714285714,155.0,81.61520687033187,2.621388047755836,-27.285714285714285,167.71428571428572,155.57142857142858,77.81881911163065,2.596048471868084,-30.0,175.26666666666668,151.06666666666666,77.45999608636583,2.5187891240328,-21.766666666666666
2024-11-20,155,212,181,5879,148,2024,11,November,47,2,Wednesday,4,85.37735849056604,2.517434937914611,116.77419354838709,7,-53491,31,5731,167.0,155.42857142857142,76.54578531862444,2.633641336723154,-22.428571428571427,167.92857142857142,154.71428571428572,79.31057660215762,2.5900046021707688,-27.785714285714285,175.43333333333334,150.9,77.21818873780575,2.5172478578882203,-19.733333333333334
2024-11-21,109,214,173,5850,210,2024,11,November,47,3,Thursday,4,80.8411214953271,3.5897435897435894,158.71559633027522,-101,-53592,41,5640,171.85714285714286,165.71428571428572,79.64466893649792,2.816515645120475,-37.42857142857143,167.92857142857142,157.07142857142858,80.0617136195358,2.64077307031074,-28.571428571428573,175.66666666666666,153.8,77.59769055612976,2.568720379675061,-24.566666666666666
2024-11-24,191,283,192,5664,207,2024,11,November,47,6,Sunday,4,67.84452296819788,3.6546610169491527,100.52356020942408,-16,-53608,91,5457,174.28571428571428,173.71428571428572,79.1326620135874,2.9770373545002617,-39.285714285714285,170.42857142857142,158.71428571428572,78.34968915318736,2.6824069779129984,-22.571428571428573,176.43333333333334,156.13333333333333,77.25114996371167,2.6150228722029896,-24.366666666666667
2024-11-25,170,297,196,5715,129,2024,11,November,48,0,Monday,4,65.993265993266,2.257217847769029,115.29411764705881,41,-53567,101,5586,172.28571428571428,167.57142857142858,74.86164130421052,2.8916725064340705,-25.857142857142858,173.21428571428572,158.5,77.69780692235777,2.6866770867330487,-22.142857142857142,176.53333333333333,155.13333333333333,75.37919553901462,2.603020668774714,-20.5
2024-11-26,152,272,214,5826,112,2024,11,November,48,1,Tuesday,4,78.67647058823529,1.9224167524888431,140.78947368421052,40,-53527,58,5714,181.57142857142858,155.71428571428572,75.96508268076116,2.6873292128713646,-7.285714285714286,177.14285714285714,157.5,78.6819863083979,2.6751091943638543,-18.071428571428573,177.26666666666668,151.86666666666667,75.18236129871056,2.54823554541142,-16.5
2024-11-27,239,367,224,5862,211,2024,11,November,48,2,Wednesday,4,61.03542234332425,3.5994541112248384,93.72384937238493,28,-53499,143,5651,190.28571428571428,166.14285714285714,73.2136335151699,2.8627452999068725,-4.0,180.57142857142858,162.78571428571428,78.13094504720677,2.771422486238817,-17.428571428571427,179.4,155.36666666666667,74.72466353881515,2.6086835103095916,-14.966666666666667
2024-11-28,113,280,237,5963,143,2024,11,November,48,3,Thursday,4,84.64285714285714,2.398121750796579,209.73451327433628,-30,-53529,43,5820,202.42857142857142,165.71428571428572,74.91585986025338,2.8484357152695203,-4.428571428571429,183.78571428571428,160.35714285714286,78.26553336529263,2.734911881512678,-15.857142857142858,182.0,156.56666666666666,74.9980151871668,2.6293049753993407,-16.166666666666668
2024-12-01,196,306,187,5986,149,2024,12,December,48,6,Sunday,4,61.111111111111114,2.489141329769462,95.40816326530613,47,-53482,119,5837,203.28571428571428,165.85714285714286,71.44925309175983,2.844393771248785,1.2857142857142858,185.14285714285714,160.64285714285714,73.99751920519213,2.73901755398597,-10.571428571428571,183.23333333333332,157.23333333333332,75.28066625929155,2.6410371217793296,-16.1
2024-12-02,236,330,222,6061,115,2024,12,December,49,0,Monday,4,67.27272727272727,1.8973766705164163,94.0677966101695,121,-53361,108,5946,210.28571428571428,152.28571428571428,69.51091105995985,2.6026270685020454,33.0,191.07142857142858,159.0,74.57778999822888,2.7095713568112605,-2.2142857142857144,183.76666666666668,155.73333333333332,74.537583255339,2.6165059644941517,-10.2
2024-12-03,81,230,242,6192,107,2024,12,December,49,1,Tuesday,4,105.21739130434781,1.7280361757105942,298.7654320987654,-26,-53387,-12,6085,217.42857142857142,138.0,74.8498922508384,2.3273949483251086,31.571428571428573,195.85714285714286,155.85714285714286,76.9912771322129,2.652216151412685,-3.857142857142857,184.7,152.8,75.46028856934865,2.564272766836471,-9.466666666666667
2024-12-04,118,245,160,6269,115,2024,12,December,49,2,Wednesday,4,65.3061224489796,1.8344233530068592,135.59322033898303,3,-53384,85,6154,212.28571428571428,136.0,74.75172888736893,2.2669957347876557,26.142857142857142,192.28571428571428,151.78571428571428,74.80668509578972,2.5793341206108633,0.14285714285714285,182.93333333333334,151.5,74.40988659037524,2.5393770786257144,-7.833333333333333
2024-12-05,218,283,208,6310,150,2024,12,December,49,3,Thursday,4,73.4982332155477,2.3771790808240887,95.41284403669725,68,-53316,75,6160,211.42857142857142,141.42857142857142,74.0119806912707,2.3319617816926907,30.142857142857142,196.5,148.57142857142858,74.98853168601592,2.5096454972820275,11.428571428571429,185.0,152.86666666666667,75.12173245946492,2.5584917191763243,-7.933333333333334
2024-12-08,132,243,183,6286,172,2024,12,December,49,6,Sunday,4,75.30864197530865,2.736239261851734,138.63636363636365,-40,-53356,60,6114,205.57142857142858,135.85714285714286,76.05101206726847,2.208645374639391,20.428571428571427,197.92857142857142,151.0,74.63232279121918,2.5356953372731317,8.214285714285714,184.9,154.0,75.52317698789358,2.574004450207387,-9.133333333333333
2024-12-09,224,315,152,6268,174,2024,12,December,50,0,Monday,4,48.25396825396825,2.7760051052967456,67.85714285714286,50,-53306,163,6094,193.42857142857142,140.28571428571428,70.85259936885576,2.262628710996557,31.857142857142858,197.92857142857142,153.0,72.88422961455458,2.5555322131330382,13.714285714285714,184.7,153.4,75.44900148879795,2.559407053148145,-7.8
2024-12-10,167,326,213,6310,149,2024,12,December,50,1,Tuesday,4,65.33742331288343,2.3613312202852614,127.54491017964071,18,-53288,113,6161,197.14285714285714,140.28571428571428,71.45635825482324,2.2443701239273857,27.714285714285715,200.21428571428572,153.07142857142858,71.45280567329154,2.5443819475880853,14.5,185.36666666666667,153.16666666666666,75.26171952079602,2.551566828844294,-5.666666666666667
2024-12-11,209,353,232,6402,152,2024,12,December,50,2,Wednesday,4,65.72237960339945,2.374258044361137,111.00478468899522,57,-53231,121,6250,198.57142857142858,145.57142857142858,71.23488001634783,2.312496034476631,18.571428571428573,204.42857142857142,148.92857142857142,70.37289553815384,2.4575615514893383,25.785714285714285,185.46666666666667,154.03333333333333,74.69674950276253,2.56192396182207,-5.1
2024-12-12,153,253,286,6481,194,2024,12,December,50,3,Thursday,4,113.04347826086956,2.993365221416448,186.9281045751634,-41,-53272,-33,6287,204.85714285714286,158.0,72.35289243870808,2.493257326720325,16.428571428571427,211.14285714285714,148.0,73.60139234477325,2.4103261375227167,24.0,189.06666666666666,155.16666666666666,76.31510699068524,2.5749678320800515,-5.666666666666667
2024-12-15,180,337,219,6408,224,2024,12,December,50,6,Sunday,4,64.98516320474778,3.495630461922597,121.66666666666666,-44,-53316,118,6184,213.28571428571428,173.57142857142858,72.30704111810356,2.7305726279940017,9.714285714285714,212.78571428571428,154.78571428571428,73.52938500273623,2.4987841813908287,17.928571428571427,190.6,156.73333333333332,76.13710565577574,2.595522679618005,-4.133333333333334
2024-12-16,133,287,189,6454,149,2024,12,December,51,0,Monday,4,65.85365853658537,2.30864580105361,142.10526315789474,-16,-53332,98,6305,210.57142857142858,173.42857142857142,71.21495902110892,2.7207821594553616,-2.2857142857142856,211.0,157.42857142857142,72.61346985618981,2.5263719705740266,13.928571428571429,191.66666666666666,155.56666666666666,75.27179875709271,2.5700846626358738,-1.3333333333333333
2024-12-17,187,310,247,6506,151,2024,12,December,51,1,Tuesday,4,79.6774193548387,2.320934521979711,132.0855614973262,36,-53296,63,6355,219.71428571428572,170.42857142857142,71.8390700753275,2.661452910902216,8.571428571428571,212.64285714285714,153.14285714285714,73.945041071298,2.435049142770803,14.5,194.66666666666666,156.2,75.423725494758,2.574201269225587,-1.3
2024-12-18,168,285,210,6598,134,2024,12,December,51,2,Wednesday,4,73.68421052631578,2.030918460139436,125.0,34,-53262,75,6464,228.0,164.71428571428572,75.47196182852001,2.5550119615940288,6.285714285714286,210.71428571428572,152.5,73.16228059868789,2.408820336295293,19.071428571428573,196.36666666666667,156.46666666666667,75.71660053951274,2.572419643041649,0.4
2024-12-19,269,412,204,6600,238,2024,12,December,51,3,Thursday,4,49.51456310679612,3.6060606060606064,75.8364312267658,31,-53231,208,6362,226.71428571428572,177.42857142857142,73.21155322765038,2.7328304452762207,8.142857142857142,211.92857142857142,158.85714285714286,72.3339557412368,2.488600284601803,17.928571428571427,197.3,159.83333333333334,75.07541930973927,2.6175860624111573,0.8
2024-12-22,100,255,236,6595,268,2024,12,December,51,6,Sunday,4,92.54901960784314,4.063684609552691,236.0,-168,-53399,19,6327,227.28571428571428,194.0,77.04393037114235,2.9741770974464425,-24.0,212.92857142857142,169.78571428571428,74.13940519374509,2.6433365659615373,-2.7142857142857144,198.76666666666668,162.86666666666667,75.40176594034554,2.656066542164163,-3.066666666666667
2024-12-23,205,294,177,6548,231,2024,12,December,52,0,Monday,4,60.204081632653065,3.527794746487477,86.34146341463415,-26,-53425,117,6317,211.71428571428572,199.28571428571428,69.49544513853999,3.0505241724565897,-21.857142857142858,208.28571428571428,178.64285714285714,70.92416878862404,2.7718907495884575,-2.7142857142857144,199.06666666666666,165.73333333333332,73.37979168301672,2.692604303208966,-3.033333333333333
2024-12-24,161,304,211,6622,155,2024,12,December,52,1,Tuesday,4,69.4078947368421,2.340682573240713,131.055900621118,6,-53419,93,6467,210.57142857142858,189.42857142857142,70.12726392883918,2.885531616930606,-14.714285714285714,211.92857142857142,181.5,71.21715252347136,2.808052122462304,-2.5,201.46666666666667,166.3,73.72175696857104,2.6936396079515785,-2.966666666666667
2024-12-25,57,162,193,6689,107,2024,12,December,52,2,Wednesday,4,119.1358024691358,1.5996412019733892,338.59649122807014,-50,-53469,-31,6582,211.14285714285714,183.42857142857142,77.73899877634639,2.784245245633432,-19.571428571428573,210.85714285714286,178.42857142857142,74.47697889872767,2.752513702544397,-10.928571428571429,202.06666666666666,164.83333333333334,75.31199800325652,2.6625940129743366,-4.533333333333333
2024-12-26,80,122,152,6707,135,2024,12,December,52,3,Thursday,4,124.59016393442623,2.0128224243327866,190.0,-55,-53524,-30,6572,197.57142857142858,181.14285714285714,84.1551051448589,2.740229231683871,-32.57142857142857,208.64285714285714,175.78571428571428,77.9970876100932,2.700841071293044,-12.0,200.13333333333333,163.6,76.2686564357739,2.6345290343110173,-4.6
2024-12-29,107,170,133,6465,216,2024,12,December,52,6,Sunday,4,78.23529411764706,3.341067285382831,124.29906542056075,-109,-53633,37,6249,186.57142857142858,192.85714285714286,84.80525994362051,2.9273933495757847,-53.0,207.28571428571428,178.78571428571428,80.13861088607027,2.7412026555849067,-23.357142857142858,199.6,164.3,76.51142020794944,2.6341372835761856,-5.233333333333333
2024-12-30,99,156,139,6454,177,2024,12,December,1,0,Monday,4,89.1025641025641,2.742485280446235,140.4040404040404,-78,-53711,17,6277,177.28571428571428,184.14285714285714,90.46068865730163,2.804025445916589,-68.57142857142857,202.0,180.78571428571428,81.836120942476,2.768427945596405,-30.214285714285715,198.8,165.6,76.80498679461948,2.6465020761918505,-8.0
2025-01-01,25,66,94,6405,144,2025,1,January,1,2,Wednesday,1,142.42424242424244,2.2482435597189694,376.0,-119,-53830,-28,6261,157.0,166.42857142857142,97.58572048821581,2.5446767245117714,-61.57142857142857,192.14285714285714,180.21428571428572,87.31482542967909,2.759426910979107,-42.785714285714285,196.86666666666667,165.53333333333333,79.12821911785181,2.638167233407215,-11.066666666666666
2025-01-02,35,70,53,6292,170,2025,1,January,1,3,Thursday,1,75.71428571428571,2.70184361093452,151.42857142857142,-135,-53965,17,6122,139.28571428571428,157.71428571428572,99.80146392844907,2.426683705147063,-77.14285714285714,175.5,178.5,84.64845453349453,2.7386039388018264,-49.5,192.6,166.26666666666668,78.80611669197579,2.644314189174545,-15.8
2025-01-05,43,73,64,5882,185,2025,1,January,1,6,Sunday,1,87.67123287671232,3.1451887113226795,148.8372093023256,-142,-54107,9,5697,118.28571428571429,162.0,102.41051223414482,2.5416131534444872,-98.28571428571429,164.42857142857142,175.71428571428572,86.26888808149201,2.713572385187547,-56.5,188.96666666666667,165.43333333333334,79.0337870713553,2.6294956932271814,-17.166666666666668
2025-01-06,41,60,71,5769,190,2025,1,January,2,0,Monday,1,118.33333333333333,3.2934650719362106,173.17073170731706,-149,-54256,-11,5579,100.85714285714286,173.85714285714286,102.29587378617303,2.783587992010605,-112.42857142857143,156.0,178.64285714285714,90.0174362812597,2.783916618822018,-66.0,184.93333333333334,164.86666666666667,80.71674741685982,2.6174558283934166,-21.6
2025-01-07,65,83,65,5703,133,2025,1,January,2,1,Tuesday,1,78.3132530120482,2.332105909170612,100.0,-68,-54324,18,5570,88.42857142857143,173.57142857142858,95.68488651154759,2.829199918416008,-114.28571428571429,143.0,177.35714285714286,89.91999582820326,2.78471457504994,-73.42857142857143,180.56666666666666,165.0,81.12741365081921,2.619952097106803,-25.233333333333334
2025-01-08,38,80,82,5605,184,2025,1,January,2,2,Wednesday,1,102.49999999999999,3.2827832292595893,215.78947368421052,-146,-54470,-2,5421,81.14285714285714,169.0,99.15127306616944,2.820873624684116,-119.57142857142857,133.85714285714286,180.92857142857142,91.97826650489499,2.87413348712995,-86.28571428571429,176.16666666666666,167.4,81.92153129787805,2.6652976463324944,-31.433333333333334
2025-01-09,56,82,68,5507,164,2025,1,January,2,3,Thursday,1,82.92682926829268,2.978027964408934,121.42857142857142,-108,-54578,14,5343,71.0,167.14285714285714,98.26902523270209,2.854522579535931,-123.85714285714286,124.14285714285714,175.64285714285714,94.36485694500186,2.82927401272626,-96.21428571428571,170.96666666666667,165.83333333333334,82.65124486204367,2.644583441438631,-35.96666666666667
2025-01-12,74,103,80,5092,235,2025,1,January,2,6,Sunday,1,77.66990291262135,4.615082482325216,108.10810810810811,-161,-54739,23,4857,69.0,180.14285714285714,89.01840530247053,3.1926424256225374,-129.85714285714286,113.0,173.28571428571428,93.30206289534317,2.8686595750671544,-95.71428571428571,165.73333333333332,168.9,82.41881305436912,2.7184821324895854,-40.333333333333336
2025-01-13,68,107,102,5019,181,2025,1,January,3,0,Monday,1,95.32710280373831,3.6062960749153214,150.0,-113,-54852,5,4838,76.0,181.71428571428572,91.82023631524945,3.321849920476938,-126.71428571428571,107.64285714285714,169.71428571428572,95.81085012184927,2.8742668128120004,-101.92857142857143,162.9,169.96666666666667,83.55934611079005,2.7557206239944474,-45.666666666666664
2025-01-14,92,124,93,4957,139,2025,1,January,3,1,Tuesday,1,75.0,2.80411539237442,101.08695652173914,-47,-54899,31,4818,80.14285714285714,175.14285714285714,90.01006019000484,3.273125160627186,-113.14285714285714,99.21428571428571,168.57142857142858,96.21028621207483,2.907369157035837,-105.71428571428571,158.6,170.76666666666668,83.8169218683658,2.7859452480563807,-51.266666666666666
2025-01-15,113,162,107,4903,164,2025,1,January,3,2,Wednesday,1,66.0493827160494,3.3448908831327757,94.69026548672566,-51,-54950,55,4739,85.28571428571429,171.42857142857142,82.5409243875357,3.2804717050838383,-99.14285714285714,93.07142857142857,172.64285714285714,92.41839908685436,3.0320298485472215,-105.78571428571429,154.1,172.66666666666666,82.5113215820892,2.8398404049704533,-52.1
2025-01-16,106,196,131,4881,159,2025,1,January,3,3,Thursday,1,66.83673469387756,3.2575291948371237,123.58490566037736,-53,-55003,65,4722,94.71428571428571,175.14285714285714,80.9014217706542,3.412675031607626,-97.0,91.57142857142857,174.35714285714286,88.29315414110089,3.120937475011817,-105.64285714285714,153.13333333333333,174.13333333333333,82.56234199025245,2.887277266364796,-53.96666666666667
2025-01-19,86,152,168,4628,176,2025,1,January,3,6,Sunday,1,110.5263157894737,3.8029386343993083,195.3488372093023,-90,-55093,-16,4452,107.0,174.0,82.04803831200756,3.4869829466275855,-89.0,94.07142857142857,171.5,90.59965568908851,3.153928285655851,-104.28571428571429,151.8,175.0,83.79661140938332,2.934802584817303,-59.233333333333334
2025-01-20,84,118,136,4638,127,2025,1,January,4,0,Monday,1,115.2542372881356,2.738249245364381,161.9047619047619,-43,-55136,-18,4511,116.71428571428571,168.71428571428572,86.6662394576994,3.4527288439069355,-79.71428571428571,93.85714285714286,167.92857142857142,92.46763234520076,3.153625711721433,-101.78571428571429,150.23333333333332,173.5,85.12813125314422,2.9348695842677244,-59.333333333333336
2025-01-21,59,64,117,4728,54,2025,1,January,4,1,Tuesday,1,182.8125,1.1421319796954315,198.3050847457627,5,-55131,-53,4674,122.0,142.85714285714286,101.68661047018209,2.956593057816966,-56.0,95.5,161.5,95.3525078863263,3.0746177417197518,-92.92857142857143,149.06666666666666,169.5,89.61341564467861,2.8804071467476806,-60.833333333333336
2025-01-22,62,97,52,4717,83,2025,1,January,4,2,Wednesday,1,53.608247422680414,1.7595929616281536,83.87096774193549,-21,-55152,45,4634,114.85714285714286,128.85714285714286,95.7267739871738,2.69277832734737,-42.857142857142854,95.42857142857143,155.28571428571428,93.77350515121164,3.007314123912154,-84.78571428571429,143.7,167.3,89.22244311500518,2.8603492047924437,-62.13333333333333
2025-01-23,91,75,97,4621,174,2025,1,January,4,3,Thursday,1,129.33333333333331,3.7654187405323523,106.5934065934066,-83,-55235,-22,4447,115.42857142857143,133.85714285714286,103.48867874907856,2.830107377084218,-48.0,97.78571428571429,154.5,96.74936946954169,3.0516162688557023,-80.57142857142857,139.2,168.03333333333333,91.3428082393363,2.9067212279981507,-66.8
2025-01-26,29,51,11,4241,182,2025,1,January,4,6,Sunday,1,21.568627450980394,4.291440697948597,37.93103448275862,-153,-55388,40,4059,101.71428571428571,136.42857142857142,97.13428513978302,2.9653287792007634,-62.57142857142857,93.5,153.92857142857142,89.83760476365936,3.1229002421423013,-80.85714285714286,130.03333333333333,167.63333333333333,88.29364654567333,2.9499904105492223,-70.53333333333333
2025-01-27,33,53,34,4161,127,2025,1,January,5,0,Monday,1,64.15094339622641,3.052150925258351,103.03030303030303,-94,-55482,19,4034,87.85714285714286,131.85714285714286,96.75060066868998,2.935989026403796,-68.42857142857143,91.28571428571429,153.5,88.82601121967207,3.174332029005711,-82.71428571428571,123.86666666666666,164.4,88.26583921872262,2.935207759327081,-72.2
2025-01-28,32,49,39,4096,101,2025,1,January,5,1,Tuesday,1,79.59183673469387,2.4658203125,121.875,-69,-55551,10,3995,69.42857142857143,121.14285714285714,92.33138937515,2.744972123275324,-65.42857142857143,88.21428571428571,147.57142857142858,87.1897138435788,3.1159775349514547,-77.21428571428571,118.86666666666666,162.8,88.72377849199292,2.940446909708627,-73.96666666666667
2025-01-29,32,50,39,4036,99,2025,1,January,5,2,Wednesday,1,78.0,2.4529236868186324,121.875,-67,-55618,11,3937,55.57142857142857,117.14285714285714,87.00935547684492,2.7042113291973595,-68.85714285714286,86.14285714285714,142.92857142857142,86.83779746727217,3.0784700865521475,-74.28571428571429,111.93333333333334,161.06666666666666,88.66786451349827,2.9448465485365913,-77.4
2025-01-30,47,42,47,3923,159,2025,1,January,5,3,Thursday,1,111.90476190476191,4.053020647463676,100.0,-112,-55730,-5,3764,45.57142857142857,132.14285714285714,76.87967860609662,3.120052567449966,-85.57142857142857,83.78571428571429,137.5,89.28314453813935,3.0383228126334663,-70.78571428571429,106.5,161.9,89.94188289277982,3.012249954780733,-82.26666666666667
2025-02-02,20,22,41,3483,168,2025,2,February,5,6,Sunday,1,186.36363636363635,4.823428079242033,204.99999999999997,-148,-55878,-19,3315,44.0,144.28571428571428,95.84473416909032,3.557743298537663,-103.71428571428571,79.42857142857143,136.57142857142858,95.78575407813206,3.1252608129425172,-73.28571428571429,101.06666666666666,159.56666666666666,94.50351866800784,3.0528288705534474,-88.23333333333333
2025-02-03,23,45,11,3403,102,2025,2,February,6,0,Monday,1,24.444444444444443,2.9973552747575667,47.82608695652174,-79,-55957,34,3301,31.714285714285715,134.0,80.86060718496334,3.448019946284122,-103.14285714285714,73.57142857142857,133.92857142857142,92.17464296702096,3.13906366168417,-75.57142857142857,93.56666666666666,154.03333333333333,92.23336616256121,3.0172845593936093,-85.26666666666667
2025-02-04,34,54,29,3359,74,2025,2,February,6,1,Tuesday,1,53.70370370370371,2.2030366180410836,85.29411764705883,-40,-55997,25,3285,34.285714285714285,118.57142857142857,85.45133236392381,3.149676506297335,-87.0,68.0,127.5,91.29280875185341,3.0575026427490495,-74.78571428571429,88.63333333333334,148.8,92.01668689826288,2.9731259551120632,-85.73333333333333
2025-02-05,26,36,36,3290,104,2025,2,February,6,2,Wednesday,1,100.0,3.1610942249240126,138.46153846153845,-78,-56075,0,3186,34.57142857142857,115.28571428571429,90.57262616446289,3.1652398348210005,-84.71428571428571,61.214285714285715,123.57142857142857,93.66161341657644,3.0506144306123986,-76.57142857142857,82.8,147.1,93.03642374036814,3.000473010168173,-88.53333333333333
2025-02-06,25,32,27,3181,145,2025,2,February,6,3,Thursday,1,84.375,4.558314995284501,108.0,-120,-56195,5,3036,32.857142857142854,121.57142857142857,91.25593520236376,3.464167646647358,-92.0,51.142857142857146,121.35714285714286,91.79366228875689,3.104569884961341,-78.71428571428571,77.26666666666667,148.36666666666667,91.87773032473028,3.09909546994521,-90.86666666666666
2025-02-09,15,13,23,2878,99,2025,2,February,6,6,Sunday,1,176.9230769230769,3.439888811674774,153.33333333333334,-84,-56279,-10,2779,30.571428571428573,121.57142857142857,105.38780333423189,3.6051626644839496,-94.42857142857143,43.07142857142857,119.35714285714286,96.19857940553842,3.154686996840655,-81.64285714285714,72.96666666666667,147.16666666666666,93.62216075768532,3.1466643495232764,-91.83333333333333
2025-02-10,16,18,15,2834,63,2025,2,February,7,0,Monday,1,83.33333333333334,2.2230063514467187,93.75,-47,-56326,3,2771,26.0,107.85714285714286,101.30617068117068,3.3437320507672412,-85.14285714285714,35.785714285714285,120.0,89.09292464363365,3.2318923091086034,-85.35714285714286,69.03333333333333,142.06666666666666,93.79209539820819,3.1093956517254058,-89.76666666666667
2025-02-11,11,22,12,2799,50,2025,2,February,7,1,Tuesday,1,54.54545454545454,1.7863522686673812,109.09090909090908,-39,-56365,10,2749,21.857142857142858,91.0,82.47500185000185,2.9098640778280056,-69.57142857142857,32.92857142857143,117.64285714285714,89.15986800954609,3.2338036881828347,-86.64285714285714,64.8,137.83333333333334,92.64019174630454,3.0775245513327776,-88.46666666666667
2025-02-12,16,20,20,2752,66,2025,2,February,7,2,Wednesday,1,100.0,2.3982558139534884,125.0,-50,-56415,0,2686,23.142857142857142,85.85714285714286,93.26865264365264,2.8242784405702794,-65.42857142857143,27.428571428571427,109.92857142857143,87.06462991430799,3.136149193427201,-84.28571428571429,62.333333333333336,135.23333333333332,91.22605033216313,3.082524959807261,-86.16666666666667
2025-02-13,15,10,23,2703,72,2025,2,February,7,3,Thursday,1,229.99999999999997,2.6637069922308543,153.33333333333334,-57,-56472,-13,2631,22.285714285714285,85.57142857142857,118.45383782883782,2.890088494025961,-67.85714285714286,28.285714285714285,102.07142857142857,101.95258509638082,3.0198825001616476,-77.42857142857143,61.333333333333336,131.96666666666667,96.36890747502026,3.081253739183806,-83.56666666666666
2025-02-17,8,17,14,2532,15,2025,2,February,8,0,Monday,1,82.35294117647058,0.5924170616113744,175.0,-7,-56479,3,2517,19.142857142857142,72.85714285714286,115.93282942547648,2.523134613552727,-57.714285714285715,26.857142857142858,94.07142857142857,103.25272779496969,2.844187224186864,-71.21428571428571,59.666666666666664,126.3,96.1916310850122,2.996161350860096,-79.06666666666666
2025-02-18,18,19,11,2536,9,2025,2,February,8,1,Tuesday,1,57.89473684210527,0.3548895899053628,61.111111111111114,9,-56470,8,2527,16.857142857142858,53.42857142857143,112.14993468863437,1.9226452699271361,-39.285714285714285,24.857142857142858,87.5,101.70293494549908,2.6934064582872472,-65.64285714285714,57.666666666666664,120.26666666666667,94.17701120197127,2.898208834792401,-73.8
2025-02-19,12,17,17,2528,19,2025,2,February,8,2,Wednesday,1,100.0,0.7515822784810127,141.66666666666669,-7,-56477,0,2509,16.0,42.0,101.16092369962338,1.5386014794708847,-28.285714285714285,23.285714285714285,81.78571428571429,103.27436351692765,2.571882071977417,-61.357142857142854,56.06666666666667,116.46666666666667,94.89990276823634,2.845524713769414,-71.76666666666667
2025-02-20,13,25,15,2520,32,2025,2,February,8,3,Thursday,1,60.0,1.2698412698412698,115.38461538461537,-19,-56496,10,2488,16.0,37.57142857142857,97.82759036629004,1.4024350392415348,-24.285714285714285,21.0,72.71428571428571,99.56688052373036,2.373083545004388,-54.714285714285715,53.833333333333336,111.4,93.48323610156967,2.7784266484554707,-67.53333333333333
2025-02-23,7,16,8,2423,35,2025,2,February,8,6,Sunday,1,50.0,1.4444903012794057,114.28571428571428,-28,-56524,8,2388,15.428571428571429,35.42857142857143,97.1782397169394,1.353597615328967,-22.714285714285715,18.642857142857142,63.214285714285715,89.82662078347063,2.131730846578486,-46.142857142857146,51.833333333333336,107.1,92.38567512595992,2.727308726351153,-64.86666666666666
2025-02-24,20,22,14,2413,24,2025,2,February,9,0,Monday,1,63.63636363636363,0.9946125155408205,70.0,-4,-56528,8,2389,14.571428571428571,29.428571428571427,91.9834345221342,1.1530771441271572,-16.142857142857142,18.857142857142858,57.642857142857146,92.62604358289342,1.9886777923487187,-40.785714285714285,49.63333333333333,100.06666666666666,91.91789048341799,2.6066263941250063,-59.63333333333333
2025-02-25,11,7,7,2413,23,2025,2,February,9,1,Tuesday,1,100.0,0.9531703273932863,63.63636363636363,-12,-56540,0,2390,12.285714285714286,22.428571428571427,73.41200595070563,0.908714763436076,-9.714285714285714,17.285714285714285,54.0,95.93292188977172,1.8994016287310187,-38.785714285714285,46.46666666666667,94.8,92.07365372329338,2.518188869207605,-56.266666666666666
2025-02-26,12,21,1,2411,23,2025,2,February,9,2,Wednesday,1,4.761904761904762,0.953961012028204,8.333333333333332,-11,-56551,20,2388,10.428571428571429,23.571428571428573,62.32757217719624,0.9603638992099087,-10.285714285714286,14.785714285714286,48.214285714285715,89.13020080133636,1.7417492563813182,-34.0,43.4,90.93333333333334,89.73238388202353,2.456517056529398,-55.06666666666667
2025-02-27,10,15,17,2391,37,2025,2,February,9,3,Thursday,1,113.33333333333333,1.547469677959013,170.0,-27,-56578,-2,2354,11.285714285714286,27.571428571428573,70.2473716759431,1.1307324832175731,-15.428571428571429,14.071428571428571,40.5,91.19865318228872,1.5266888765723547,-27.357142857142858,40.4,86.7,91.30851556926633,2.396603016356939,-54.266666666666666
2025-03-02,12,24,4,2297,31,2025,3,March,9,6,Sunday,1,16.666666666666664,1.349586417065738,33.33333333333333,-19,-56597,20,2266,9.428571428571429,29.285714285714285,58.34260977118119,1.216161645872534,-17.142857142857142,12.714285714285714,35.642857142857146,79.75176673540228,1.3773815626717094,-22.714285714285715,36.166666666666664,82.43333333333334,89.6361799683593,2.3330049237645594,-53.13333333333333
2025-03-03,8,29,18,2287,25,2025,3,March,10,0,Monday,1,62.06896551724138,1.0931351114997814,225.0,-17,-56614,11,2262,9.857142857142858,28.285714285714285,58.63817627364425,1.190917908966607,-16.857142857142858,12.928571428571429,32.92857142857143,78.23288331996716,1.2966764741040708,-20.571428571428573,31.166666666666668,77.4,88.02093495928489,2.242678139667909,-50.7
2025-03-04,4,25,10,2272,30,2025,3,March,10,1,Tuesday,1,40.0,1.3204225352112675,250.0,-26,-56640,15,2242,10.142857142857142,27.571428571428573,57.20960484507282,1.1731939423854443,-16.571428571428573,12.785714285714286,31.5,77.19392228100612,1.2633957788572057,-19.642857142857142,26.966666666666665,74.16666666666667,85.51246038301369,2.1954172493294717,-50.13333333333333
2025-03-05,5,20,4,2238,40,2025,3,March,10,2,Wednesday,1,20.0,1.7873100983020553,80.0,-35,-56675,16,2198,8.714285714285714,29.857142857142858,50.975838611306585,1.2864364542084779,-21.0,11.642857142857142,29.642857142857142,71.4796365667204,1.2197567991678173,-18.571428571428573,23.2,73.7,80.08537704968036,2.216923186616359,-51.46666666666667
2025-03-06,7,27,6,2218,33,2025,3,March,10,3,Thursday,1,22.22222222222222,1.4878268710550047,85.71428571428571,-26,-56701,21,2185,8.571428571428571,31.285714285714285,39.86472750019548,1.3628159604458663,-23.0,10.428571428571429,26.857142857142858,56.63836672545056,1.135765361940971,-16.357142857142858,21.666666666666668,72.03333333333333,79.0391762096651,2.2078643169305874,-51.63333333333333
2025-03-09,12,25,15,2137,30,2025,3,March,10,6,Sunday,1,60.0,1.4038371548900328,125.0,-18,-56719,10,2107,10.571428571428571,32.285714285714285,47.75588396278051,1.427083980854699,-24.0,10.5,27.928571428571427,55.04172806998837,1.1937239400323036,-17.142857142857142,18.933333333333334,67.23333333333333,76.728065098554,2.12914493074251,-49.46666666666667
2025-03-10,6,28,8,2125,23,2025,3,March,11,0,Monday,1,28.57142857142857,1.0823529411764705,133.33333333333331,-17,-56736,20,2102,9.285714285714286,30.285714285714285,35.647040425365546,1.3606387327429073,-22.571428571428573,10.285714285714286,28.928571428571427,52.94720605065432,1.24568560798024,-19.0,18.833333333333332,61.93333333333333,76.96149180256893,2.0221753388501056,-44.93333333333333
2025-03-11,3,11,7,2116,20,2025,3,March,11,1,Tuesday,1,63.63636363636363,0.945179584120983,233.33333333333334,-17,-56753,4,2096,9.714285714285714,28.714285714285715,42.35699713532226,1.3028663280365136,-22.285714285714285,9.571428571428571,29.0,50.34980345325173,1.2595139869545238,-19.714285714285715,17.933333333333334,58.36666666666667,76.94433914390683,1.9519429608121934,-42.36666666666667
2025-03-12,6,18,2,2113,8,2025,3,March,11,2,Wednesday,1,11.11111111111111,0.37860861334595364,33.33333333333333,-2,-56755,16,2105,7.428571428571429,26.285714285714285,35.07730364873222,1.2007911140145382,-20.142857142857142,8.642857142857142,27.285714285714285,46.85773996118824,1.1958545114905728,-18.5,16.7,55.266666666666666,74.66164828978741,1.8823692375070586,-40.13333333333333
2025-03-13,4,20,9,2116,6,2025,3,March,11,3,Thursday,1,45.0,0.28355387523629494,225.0,-2,-56757,11,2110,7.285714285714286,22.857142857142858,35.791589363017934,1.0526670197323993,-16.714285714285715,8.714285714285714,25.214285714285715,46.500597104045376,1.1129304810589218,-16.642857142857142,15.7,52.166666666666664,73.56164828978741,1.810056910454314,-37.96666666666667
2025-03-16,1,9,8,2117,5,2025,3,March,11,6,Sunday,1,88.88888888888889,0.23618327822390173,800.0,-4,-56761,1,2112,7.857142857142857,17.857142857142858,45.632859204287776,0.8310774740069488,-12.285714285714286,8.285714285714286,23.857142857142858,48.304348907797184,1.0587569641077132,-16.642857142857142,14.4,47.03333333333333,72.79445252259164,1.6828289981463216,-34.36666666666667
2025-03-17,5,14,0,2111,8,2025,3,March,12,0,Monday,1,0.0,0.37896731406916156,0.0,-3,-56764,14,2103,7.0,14.285714285714286,42.4582560296846,0.6726689658661141,-9.0,7.785714285714286,22.785714285714285,41.16149176494004,1.0177424631559902,-16.0,13.033333333333333,41.7,66.58233131047044,1.5346803059738925,-29.533333333333335
2025-03-18,19,34,6,2109,8,2025,3,March,12,1,Tuesday,1,17.647058823529413,0.3793266951161688,31.57894736842105,11,-56753,28,2101,5.714285714285714,11.142857142857142,36.40783586161737,0.526310328755562,-4.857142857142857,8.142857142857142,21.714285714285715,42.08185991219894,0.9766971548051304,-14.428571428571429,12.866666666666667,38.56666666666667,66.35575178977327,1.4474126866525125,-26.533333333333335
2025-03-19,6,22,14,2119,9,2025,3,March,12,2,Wednesday,1,63.63636363636363,0.4247286455875413,233.33333333333334,-3,-56756,8,2110,6.571428571428571,9.142857142857142,41.41711229946524,0.43236400081428644,-2.857142857142857,7.928571428571429,19.714285714285715,38.532076362415395,0.8965013667785968,-12.714285714285714,12.366666666666667,36.4,66.68684045419526,1.3881357542373947,-25.3
2025-03-20,9,20,11,2124,7,2025,3,March,12,3,Thursday,1,55.00000000000001,0.3295668549905838,122.22222222222223,2,-56754,9,2117,7.142857142857143,7.285714285714286,40.183346065699006,0.3444193252242294,-0.14285714285714285,8.428571428571429,18.0,41.270171600510636,0.8236428266303715,-11.214285714285714,11.533333333333333,33.166666666666664,65.18684045419526,1.2937515085729467,-22.633333333333333
2025-03-23,15,29,9,2136,2,2025,3,March,12,6,Sunday,1,31.03448275862069,0.09363295880149813,60.0,13,-56741,20,2134,8.142857142857142,6.428571428571429,43.02954201534323,0.30370851743216437,2.0,7.785714285714286,16.357142857142858,39.053422832037725,0.7522498157233513,-9.071428571428571,10.933333333333334,28.4,63.408823212815946,1.1449287740235132,-18.2
2025-03-24,7,13,11,2139,7,2025,3,March,13,0,Monday,1,84.61538461538461,0.3272557269752221,157.14285714285714,0,-56741,2,2132,8.428571428571429,6.571428571428571,48.688882674683896,0.3099516391091539,2.2857142857142856,7.857142857142857,14.714285714285714,42.240236018850915,0.6813093294207766,-7.214285714285714,10.533333333333333,25.333333333333332,60.33190013589287,1.0411743378668616,-15.4
2025-03-25,12,19,7,2145,6,2025,3,March,13,1,Tuesday,1,36.84210526315789,0.27972027972027974,58.333333333333336,6,-56735,12,2139,8.285714285714286,6.714285714285714,41.25362787100803,0.3161712107514937,3.7142857142857144,8.071428571428571,12.285714285714286,43.4432435376479,0.5736243423792212,-4.285714285714286,10.266666666666667,23.433333333333334,58.78219253355369,0.9763981354759803,-13.633333333333333
2025-03-26,9,21,15,2159,2,2025,3,March,13,2,Wednesday,1,71.42857142857143,0.09263547938860583,166.66666666666669,7,-56728,6,2157,10.428571428571429,5.857142857142857,51.45770950366109,0.2752666629399857,5.142857142857143,8.714285714285714,10.071428571428571,46.95798276667284,0.4739678144030499,-1.9285714285714286,10.366666666666667,21.833333333333332,59.34496309632426,0.9199409091666879,-12.1
2025-03-27,1,19,13,2159,2,2025,3,March,13,3,Thursday,1,68.42105263157895,0.09263547938860583,1300.0,-1,-56729,6,2157,11.428571428571429,5.0,58.71113719052532,0.23431077497890523,3.4285714285714284,8.571428571428571,8.071428571428571,47.559486526071346,0.38031055186723367,-0.7142857142857143,10.133333333333333,19.7,58.29233151737689,0.8430868980145251,-10.466666666666667
2025-03-30,9,20,5,2188,2,2025,3,March,13,6,Sunday,1,25.0,0.09140767824497258,55.55555555555556,7,-56722,15,2186,10.142857142857142,4.0,53.191656671044804,0.18669349392996687,4.857142857142857,8.357142857142858,6.571428571428571,47.304384485255014,0.30952874737212666,1.0,9.533333333333333,17.366666666666667,51.45899818404356,0.7573435875483291,-8.333333333333334
2025-03-31,9,25,8,2193,5,2025,3,March,14,0,Monday,1,32.0,0.22799817601459188,88.88888888888889,4,-56718,17,2188,9.714285714285714,3.7142857142857144,49.90594238533051,0.1721836826476823,5.142857142857143,8.428571428571429,5.5,45.04464422551475,0.25830150393595586,2.5,9.333333333333334,17.033333333333335,49.78056681149454,0.7451962913617697,-7.966666666666667
2025-04-01,17,36,7,2191,12,2025,4,April,14,1,Tuesday,2,19.444444444444446,0.5476951163852123,41.17647058823529,5,-56713,29,2179,9.428571428571429,5.142857142857143,48.25022262616248,0.23704970515964144,4.0,8.785714285714286,5.785714285714286,45.639882320752854,0.2703791112959029,3.0,9.2,17.133333333333333,48.49889039823917,0.7516231422444314,-8.1
2025-04-02,5,31,16,2208,3,2025,4,April,14,2,Wednesday,2,51.61290322580645,0.1358695652173913,320.0,2,-56711,15,2205,10.142857142857142,4.571428571428571,43.535582427651306,0.20970882490852277,4.285714285714286,9.285714285714286,5.571428571428571,46.1122325511676,0.25983023200883837,3.2857142857142856,9.166666666666666,16.6,46.88598717243272,0.731099385135644,-7.8
2025-04-03,12,26,18,2223,8,2025,4,April,14,3,Thursday,2,69.23076923076923,0.3598740440845704,150.0,4,-56707,8,2215,11.714285714285714,4.857142857142857,48.162534423024354,0.22115936267485004,4.0,10.0,5.785714285714286,44.70808114701619,0.26866528671317186,3.857142857142857,9.266666666666667,15.8,47.19367948012503,0.7007671442770873,-7.033333333333333
2025-04-06,7,14,7,2234,11,2025,4,April,14,6,Sunday,2,50.0,0.4923903312444047,100.0,-4,-56711,7,2223,10.571428571428571,6.142857142857143,45.101309933228436,0.27826719865424987,2.4285714285714284,10.5,6.0,48.279509718444764,0.2767669307971178,3.7857142857142856,9.233333333333333,15.0,47.19367948012503,0.669030478609254,-6.233333333333333
2025-04-07,12,22,9,2237,5,2025,4,April,15,0,Monday,2,40.909090909090914,0.22351363433169422,75.0,7,-56704,13,2232,10.0,6.571428571428571,41.171029687158715,0.29696407793183394,3.5714285714285716,10.714285714285714,5.785714285714286,49.94108343884202,0.2656374264553696,3.5,9.066666666666666,14.366666666666667,46.43610372254928,0.6433271825689497,-5.866666666666666
2025-04-08,12,34,12,2243,9,2025,4,April,15,1,Tuesday,2,35.294117647058826,0.4012483281319661,100.0,3,-56701,22,2234,11.0,7.571428571428571,42.64161792245284,0.34122702791569015,3.0,10.571428571428571,5.785714285714286,47.91663729674882,0.2639602609228285,3.9285714285714284,9.233333333333333,13.9,44.27924097745123,0.6249297825935723,-5.366666666666666
2025-04-09,6,19,10,2251,5,2025,4,April,15,2,Wednesday,2,52.63157894736842,0.2221235006663705,166.66666666666669,1,-56700,9,2246,11.285714285714286,7.571428571428571,45.58898634350546,0.34038778858022994,2.5714285714285716,10.5,5.642857142857143,47.747464364417986,0.2562857356139561,3.857142857142857,9.533333333333333,13.3,45.87489678363336,0.6005351988815112,-4.966666666666667
2025-04-10,18,25,17,2265,6,2025,4,April,15,3,Thursday,2,68.0,0.26490066225165565,94.44444444444444,12,-56688,8,2259,12.714285714285714,6.714285714285714,52.5254942800134,0.2999885808468647,3.5714285714285716,11.071428571428571,5.928571428571429,50.38785845308794,0.2685191430032531,3.7857142857142856,9.533333333333333,12.266666666666667,44.36378567252225,0.5577828983579327,-3.6666666666666665
2025-04-11,8,22,8,2267,9,2025,4,April,15,4,Friday,2,36.36363636363637,0.3970004411116012,100.0,-1,-56689,14,2258,11.571428571428571,7.571428571428571,50.34702758541768,0.3372929916888947,3.142857142857143,10.857142857142858,6.071428571428571,46.94130500653449,0.2735009082987087,3.7142857142857144,9.666666666666666,11.533333333333333,45.0203513290879,0.5260300324927948,-3.066666666666667
2025-04-13,5,26,10,2283,3,2025,4,April,15,6,Sunday,2,38.46153846153847,0.1314060446780552,200.0,2,-56687,16,2280,10.428571428571429,6.857142857142857,45.95142318981328,0.3046547060593925,2.857142857142857,11.071428571428571,5.857142857142857,47.056978806418826,0.26290703436712126,3.4285714285714284,9.4,10.8,44.233437093897805,0.49397239693207057,-2.433333333333333
2025-04-14,5,26,9,2282,13,2025,4,April,16,0,Monday,2,34.61538461538461,0.5696757230499562,180.0,-8,-56695,17,2269,10.714285714285714,7.142857142857143,43.753620992011086,0.3156954763173284,2.2857142857142856,10.642857142857142,6.642857142857143,44.427465462619764,0.29698133748578914,2.357142857142857,9.366666666666667,10.233333333333333,44.05394991441062,0.46894750319336015,-1.8333333333333333
2025-04-15,4,19,12,2286,7,2025,4,April,16,1,Tuesday,2,63.1578947368421,0.30621172353455817,300.0,-3,-56698,7,2279,11.142857142857142,7.428571428571429,46.93202153883268,0.32750948906059474,0.8571428571428571,10.571428571428571,7.0,44.051525612995704,0.31223678349621437,2.2142857142857144,9.633333333333333,9.133333333333333,45.49254640563869,0.419577557367777,-0.7666666666666667
2025-04-16,11,30,5,2291,8,2025,4,April,16,2,Wednesday,2,16.666666666666664,0.3491924923614142,45.45454545454545,3,-56695,25,2283,10.142857142857142,7.285714285714286,44.27095711306237,0.32007294109337303,0.8571428571428571,10.571428571428571,7.428571428571429,43.45628751775761,0.3306499845045316,1.9285714285714286,9.6,8.3,45.30736122045351,0.3816230780779906,0.2
2025-04-17,7,26,10,2288,14,2025,4,April,16,3,Thursday,2,38.46153846153847,0.6118881118881119,142.85714285714286,-7,-56702,16,2274,10.142857142857142,8.571428571428571,42.24666561508667,0.37575359983933604,-0.2857142857142857,10.714285714285714,8.071428571428571,43.91782597929607,0.35807069420978305,1.1428571428571428,9.433333333333334,7.766666666666667,44.58941250250479,0.35522477664459323,0.5666666666666667
2025-04-20,4,15,6,2305,4,2025,4,April,16,6,Sunday,2,40.0,0.1735357917570499,150.0,0,-56702,9,2301,8.571428571428571,8.285714285714286,38.24666561508667,0.3627014754829638,-2.0,10.642857142857142,7.5,45.38607994755004,0.33134502816491423,0.7857142857142857,9.366666666666667,7.133333333333334,44.970364883457165,0.32493087166394585,1.1333333333333333
2025-04-21,10,25,5,2308,6,2025,4,April,17,0,Monday,2,20.0,0.25996533795493937,50.0,4,-56698,20,2302,8.142857142857142,7.857142857142857,35.90900327742433,0.3431250321748692,-1.2857142857142858,9.857142857142858,7.714285714285714,43.128015431421,0.34020901193188197,0.9285714285714286,9.3,6.666666666666667,43.51581942891172,0.30209039679174443,1.8333333333333333
2025-04-22,7,19,14,2305,17,2025,4,April,17,1,Tuesday,2,73.68421052631578,0.737527114967462,200.0,-10,-56708,5,2288,8.714285714285714,9.857142857142858,40.94081357239252,0.42971375650192734,-3.0,9.571428571428571,8.357142857142858,43.446118381102906,0.36718423128065997,-0.07142857142857142,9.7,6.966666666666667,45.601589409418544,0.31405434684579464,1.5666666666666667
2025-04-23,3,23,4,2300,11,2025,4,April,17,2,Wednesday,2,17.391304347826086,0.47826086956521735,133.33333333333331,-8,-56716,19,2289,8.0,9.571428571428571,38.48023067702701,0.4166544917183933,-3.0,9.357142857142858,8.357142857142858,41.11692583451905,0.36617498401786086,-0.35714285714285715,9.533333333333333,7.133333333333334,44.681299554346076,0.32054457999009217,1.3666666666666667
2025-04-24,3,9,7,2294,13,2025,4,April,17,3,Thursday,2,77.77777777777779,0.5666957279860506,233.33333333333334,-10,-56726,2,2281,7.285714285714286,10.428571428571429,40.56878539716068,0.4538664923543208,-4.0,9.214285714285714,8.928571428571429,43.750403467996684,0.3906879907074577,-1.5714285714285714,9.5,7.4,44.31092918397571,0.3315616616488304,1.1666666666666667
2025-04-27,9,40,12,2301,4,2025,4,April,17,6,Sunday,2,30.0,0.1738374619730552,133.33333333333331,5,-56721,28,2297,8.285714285714286,9.857142857142858,42.473547301922586,0.42881577372741236,-3.7142857142857144,9.214285714285714,8.571428571428571,43.37225220749248,0.3744443574103927,-1.4285714285714286,9.9,7.266666666666667,45.31092918397571,0.32472399991229356,1.4333333333333333
2025-04-28,6,26,12,2307,8,2025,4,April,18,0,Monday,2,46.15384615384615,0.3467706978760295,200.0,-2,-56723,14,2299,8.571428571428571,9.0,43.57244840082369,0.390941857439972,-3.0,9.357142857142858,8.785714285714286,42.90955700795518,0.38334772863965405,-1.6428571428571428,10.1,7.266666666666667,46.2611554283196,0.32363880000428896,1.0
2025-04-29,11,25,11,2304,15,2025,4,April,18,1,Tuesday,2,44.0,0.6510416666666667,100.0,-4,-56727,14,2289,9.285714285714286,10.571428571428571,44.14387697225226,0.45915698242706016,-3.5714285714285716,8.928571428571429,9.428571428571429,41.195271293669464,0.410929228955012,-2.7857142857142856,10.0,7.466666666666667,45.60660997377415,0.33118256737359303,0.9666666666666667
2025-04-30,7,34,9,2309,12,2025,4,April,18,2,Wednesday,2,26.47058823529412,0.5197055002165439,128.57142857142858,-5,-56732,25,2297,9.857142857142858,11.428571428571429,45.068246720151414,0.49626271989300363,-4.857142857142857,9.0,9.642857142857142,40.48862499878787,0.4196938760339365,-3.0714285714285716,9.933333333333334,7.633333333333334,44.65562958161728,0.33752052221445844,0.7333333333333333
2025-05-01,13,32,14,2306,16,2025,5,May,18,3,Thursday,2,43.75,0.6938421509106678,107.6923076923077,-3,-56735,18,2290,9.857142857142858,11.285714285714286,40.79193093067774,0.49002201074203305,-3.857142857142857,9.285714285714286,10.571428571428571,40.86637225153512,0.45986788362198017,-3.4285714285714284,10.1,8.1,45.07948015632993,0.3575274952847641,0.2
2025-05-04,9,31,10,2335,5,2025,5,May,18,6,Sunday,2,32.25806451612903,0.21413276231263384,111.11111111111111,4,-56731,21,2330,10.714285714285714,10.428571428571429,42.91575381186387,0.45228942399166394,-2.142857142857143,9.357142857142858,10.0,40.697992244445444,0.4344719578550286,-2.5714285714285716,10.066666666666666,8.033333333333333,43.3342361530214,0.35375672979601114,0.3333333333333333
2025-05-05,15,44,20,2331,17,2025,5,May,19,0,Monday,2,45.45454545454545,0.7293007293007293,133.33333333333331,-2,-56733,24,2314,12.571428571428571,11.0,38.298149194259246,0.4755187098937609,-1.0,9.928571428571429,10.714285714285714,39.43346729570997,0.46469260112404076,-2.5,10.5,8.4,43.62131749273433,0.3687427447820261,0.06666666666666667
2025-05-06,10,33,16,2339,16,2025,5,May,19,1,Tuesday,2,48.484848484848484,0.6840530141085934,160.0,-6,-56739,17,2323,13.142857142857142,12.714285714285714,40.938841834951894,0.5484066459131235,-2.5714285714285716,10.714285714285714,11.285714285714286,41.70619456843724,0.4886112098202679,-3.142857142857143,10.533333333333333,8.866666666666667,42.85652672794356,0.38845666260602574,-0.36666666666666664
2025-05-07,10,30,15,2335,10,2025,5,May,19,2,Wednesday,2,50.0,0.4282655246252677,150.0,0,-56739,15,2325,13.571428571428571,13.0,41.48829238440244,0.5600487640201576,-2.2857142857142856,11.071428571428571,11.0,42.530370392613065,0.47549531073006474,-2.642857142857143,10.6,9.133333333333333,42.24249164022426,0.3996443307805811,-0.3333333333333333
2025-05-08,15,24,16,2361,11,2025,5,May,19,3,Thursday,2,66.66666666666666,0.46590427784836935,106.66666666666667,4,-56735,8,2350,14.285714285714286,12.428571428571429,44.726387622497676,0.5336005656175435,-1.1428571428571428,11.785714285714286,11.5,44.43513229737497,0.49637877402230185,-2.357142857142857,10.966666666666667,9.433333333333334,43.631380529113144,0.412127550767361,-0.43333333333333335
2025-05-11,15,20,12,2385,3,2025,5,May,19,6,Sunday,2,60.0,0.12578616352201258,80.0,12,-56723,8,2382,14.714285714285714,11.142857142857142,49.516303588884234,0.47732637466118194,1.2857142857142858,12.285714285714286,11.285714285714286,47.292275154517824,0.48679454727709276,-1.7857142857142858,11.1,9.366666666666667,44.56471386244648,0.408720483684275,-0.16666666666666666
2025-05-12,7,33,14,2392,7,2025,5,May,20,0,Monday,2,42.42424242424242,0.2926421404682274,200.0,0,-56723,19,2385,14.714285714285714,9.857142857142858,49.3269096494903,0.4200120874551191,1.7142857142857142,12.285714285714286,10.571428571428571,45.05942029008401,0.45501704909857604,-1.0714285714285714,11.333333333333334,9.2,45.33070712843975,0.40021871782037555,-0.3333333333333333
2025-05-13,18,29,12,2394,11,2025,5,May,20,1,Tuesday,2,41.37931034482759,0.4594820384294068,66.66666666666666,7,-56716,17,2383,15.0,10.714285714285714,50.62994476787579,0.45506198404322945,2.142857142857143,12.857142857142858,10.571428571428571,46.77284928986984,0.4536757040174467,0.0,11.2,9.466666666666667,44.989587365740455,0.41100580026077604,-0.16666666666666666
2025-05-14,7,30,14,2394,11,2025,5,May,20,2,Wednesday,2,46.666666666666664,0.4594820384294068,200.0,-4,-56720,16,2383,14.142857142857142,9.857142857142858,50.803104941035976,0.41651645677589766,1.8571428571428572,13.357142857142858,10.428571428571429,44.55062706764761,0.44601758333482927,0.42857142857142855,11.066666666666666,9.566666666666666,44.237450613603706,0.41432606673893724,-0.43333333333333335
2025-05-15,15,31,14,2410,14,2025,5,May,20,3,Thursday,2,45.16129032258064,0.5809128630705395,93.33333333333333,1,-56719,17,2396,13.857142857142858,9.571428571428571,50.32831091785484,0.40178214948474716,2.857142857142857,13.5,11.142857142857142,45.63357637640337,0.4750943976989353,0.14285714285714285,11.3,9.666666666666666,44.07616029102306,0.4172768177998084,-0.26666666666666666
2025-05-18,13,28,14,2437,9,2025,5,May,20,6,Sunday,2,50.0,0.3693065244152647,107.6923076923077,4,-56715,14,2428,13.714285714285714,9.428571428571429,50.32831091785484,0.3933594351690325,3.4285714285714284,13.642857142857142,11.214285714285714,45.90830165112864,0.476704099594595,0.5714285714285714,11.466666666666667,9.8,44.37919059405336,0.42213658080259414,-0.36666666666666664
2025-05-19,7,27,17,2457,6,2025,5,May,21,0,Monday,2,62.96296296296296,0.2442002442002442,242.85714285714283,1,-56714,10,2451,13.857142857142858,8.714285714285714,49.799210388754325,0.36168743036215745,3.0,14.071428571428571,10.571428571428571,47.262799005626,0.4476439979898505,0.9285714285714286,11.633333333333333,9.7,45.30148543791684,0.4169016446715367,-0.43333333333333335
2025-05-21,14,62,13,2467,18,2025,5,May,21,2,Wednesday,2,20.967741935483872,0.7296311309282529,92.85714285714286,-4,-56718,49,2449,14.0,10.857142857142858,44.22317352239487,0.44795099713447745,0.7142857142857143,14.357142857142858,11.0,46.86973855563956,0.4626386858978297,1.0,11.733333333333333,10.133333333333333,44.24602420418734,0.4338185656802661,-0.6
2025-05-22,18,36,17,2473,15,2025,5,May,21,3,Thursday,2,47.22222222222222,0.606550748079256,94.44444444444444,3,-56715,19,2458,14.428571428571429,12.0,44.90859920782056,0.492795083936053,1.1428571428571428,14.571428571428571,10.928571428571429,47.117754428655424,0.4564035856955861,1.4285714285714286,11.733333333333333,10.433333333333334,43.55343161159475,0.4452069018745195,-0.9
2025-05-27,6,24,7,2504,11,2025,5,May,22,1,Tuesday,2,29.166666666666668,0.43929712460063897,116.66666666666667,-5,-56720,17,2493,13.714285714285714,12.0,43.16393582522615,0.4899115248176576,-0.5714285714285714,14.357142857142858,11.357142857142858,46.896940296550966,0.4724867544304435,0.7857142857142857,11.7,10.5,43.313532621695764,0.4466167913241541,-1.0333333333333334
2025-05-28,12,39,12,2499,14,2025,5,May,22,2,Wednesday,2,30.76923076923077,0.5602240896358543,100.0,-2,-56722,27,2485,13.428571428571429,12.428571428571429,40.89287355416388,0.5043032464185787,-0.2857142857142857,13.785714285714286,11.142857142857142,45.847989247599926,0.46040985159723824,0.7857142857142857,11.766666666666667,10.866666666666667,43.05712236528551,0.4609107261560807,-1.1666666666666667
2025-05-29,13,38,15,2506,11,2025,5,May,22,3,Thursday,2,39.473684210526315,0.4389465283320032,115.38461538461537,2,-56720,23,2495,13.571428571428571,12.0,40.08035839529897,0.48402234145593065,-0.14285714285714285,13.714285714285714,10.785714285714286,45.20433465657691,0.4429022454703389,1.3571428571428572,11.966666666666667,10.8,43.21906568512357,0.45655308633214897,-0.8333333333333334
2025-06-01,8,24,16,2528,12,2025,6,June,22,6,Sunday,2,66.66666666666666,0.4746835443037975,200.0,-4,-56724,8,2516,13.857142857142858,12.428571428571429,42.46131077625135,0.4990762014400067,-1.2857142857142858,13.785714285714286,10.928571428571429,46.39481084705311,0.4462178183045196,1.0714285714285714,12.1,10.966666666666667,43.336024749451056,0.46216881369112356,-0.8666666666666667
2025-06-02,10,19,5,2518,16,2025,6,June,23,0,Monday,2,26.31578947368421,0.6354249404289118,50.0,-6,-56730,14,2502,12.142857142857142,13.857142857142858,37.22600027778295,0.5549654437583877,-2.2857142857142856,13.0,11.285714285714286,43.512605333268645,0.4583264370602726,0.35714285714285715,12.1,11.233333333333333,43.657662176351636,0.4717098952933734,-1.1666666666666667
2025-06-03,5,23,11,2519,15,2025,6,June,23,1,Tuesday,2,47.82608695652174,0.5954743946010321,220.00000000000003,-10,-56740,12,2504,11.857142857142858,13.428571428571429,41.0629067093598,0.535800195711642,-3.142857142857143,12.928571428571429,12.142857142857142,42.64304011587734,0.4918755964230598,-1.2142857142857142,12.133333333333333,11.266666666666667,43.96981379285108,0.47116277138380414,-1.2666666666666666
2025-06-04,4,16,9,2516,16,2025,6,June,23,2,Wednesday,2,56.25,0.6359300476947536,225.0,-12,-56752,7,2500,10.714285714285714,13.571428571428571,42.35258924904234,0.539997238513856,-5.285714285714286,12.571428571428571,12.785714285714286,43.63059422843145,0.5163961612249545,-2.0714285714285716,12.233333333333333,11.666666666666666,44.51148045951775,0.48657591324839433,-1.6666666666666667
2025-06-05,8,26,5,2503,21,2025,6,June,23,3,Thursday,2,19.230769230769234,0.8389932081502196,62.5,-13,-56765,21,2482,10.428571428571429,15.0,40.93317532962842,0.5970966790209389,-6.428571428571429,12.071428571428571,13.5,42.04855557742728,0.5435041019192982,-3.5,12.233333333333333,12.166666666666666,44.48583943387671,0.5058768422549036,-2.2333333333333334
2025-06-08,10,16,15,2507,13,2025,6,June,23,6,Sunday,2,93.75,0.5185480654168328,150.0,-3,-56768,1,2494,10.857142857142858,14.857142857142858,49.93042807688117,0.5911429612753645,-6.571428571428571,12.142857142857142,13.642857142857142,45.41165081552252,0.5477231038469715,-3.4285714285714284,12.266666666666667,12.033333333333333,45.15469908299953,0.49857754060321596,-2.0
2025-06-09,8,21,14,2516,9,2025,6,June,24,0,Monday,2,66.66666666666666,0.3577106518282989,175.0,-1,-56769,7,2507,10.714285714285714,14.571428571428571,53.815139856329786,0.5795378360605495,-7.0,12.142857142857142,13.285714285714286,46.94774912581438,0.5317800887582401,-3.5714285714285716,12.6,11.966666666666667,46.79721116029421,0.4945592000119854,-1.7666666666666666
2025-06-10,17,28,7,2511,12,2025,6,June,24,1,Tuesday,2,25.0,0.4778972520908005,41.17647058823529,5,-56764,21,2499,9.428571428571429,14.571428571428571,47.86275890394883,0.5799969371729785,-5.714285714285714,11.642857142857142,13.5,45.1620348401001,0.5395365693064926,-3.5,12.6,11.933333333333334,45.03795190103495,0.49159925081547706,-1.2666666666666666
2025-06-17,7,24,10,2523,14,2025,6,June,25,1,Tuesday,2,41.66666666666667,0.5548949663099485,142.85714285714286,-7,-56771,14,2509,10.142857142857142,14.285714285714286,50.05574136008919,0.5684926551559837,-5.857142857142857,11.142857142857142,14.071428571428571,43.64087081893607,0.5617290494571858,-4.071428571428571,12.533333333333333,12.266666666666667,45.426840789923844,0.5043011676267068,-1.6666666666666667
2025-06-19,8,19,7,2501,18,2025,6,June,25,3,Thursday,2,36.84210526315789,0.7197121151539384,87.5,-10,-56781,12,2483,9.571428571428571,14.714285714285714,48.48660111818007,0.586240900949256,-5.857142857142857,10.714285714285714,14.071428571428571,44.774753913769935,0.561020548330449,-4.5,12.366666666666667,12.6,45.1164494269009,0.516732548202637,-1.9333333333333333
2025-06-22,7,13,5,2508,7,2025,6,June,25,6,Sunday,2,38.46153846153847,0.27910685805422647,71.42857142857143,0,-56781,8,2501,9.0,13.428571428571429,45.94539232697127,0.5352661595720379,-4.142857142857143,9.857142857142858,13.5,44.148990788006806,0.5376316990429469,-4.714285714285714,12.166666666666666,12.333333333333334,44.93183404228551,0.5043347212488891,-1.8
2025-06-23,3,15,5,2495,17,2025,6,June,26,0,Monday,2,33.33333333333333,0.6813627254509018,166.66666666666669,-14,-56795,10,2478,9.0,12.857142857142858,47.960044341623295,0.512747519186421,-4.285714285714286,9.714285714285714,13.928571428571429,44.44660983562586,0.55492209910368,-5.357142857142857,12.033333333333333,12.5,45.16059221222016,0.5097232954233677,-2.1
2025-06-24,5,20,5,2489,16,2025,6,June,26,1,Tuesday,2,25.0,0.6428284451586983,100.0,-11,-56806,15,2473,7.571428571428571,13.285714285714286,38.13861577019471,0.5305018591495446,-5.428571428571429,9.214285714285714,14.071428571428571,44.034521923537945,0.5608224102124545,-6.0,11.733333333333333,12.5,44.53559221222016,0.5080228385649688,-2.3666666666666667
2025-06-25,6,12,2,2470,24,2025,6,June,26,2,Wednesday,2,16.666666666666664,0.9716599190283401,33.33333333333333,-18,-56824,10,2446,5.857142857142857,15.428571428571429,30.995758627337576,0.6182088973209792,-7.857142857142857,8.285714285714286,15.0,42.405449241833686,0.5988733666907643,-7.428571428571429,11.466666666666667,13.133333333333333,44.015878950571405,0.5332737437888256,-3.1
2025-06-26,3,9,7,2447,35,2025,6,June,26,3,Thursday,2,77.77777777777779,1.4303228442991418,233.33333333333334,-32,-56856,2,2412,5.857142857142857,18.714285714285715,38.53544116702012,0.7542696962078851,-13.142857142857142,7.642857142857143,16.642857142857142,43.199100035484484,0.6671333166904317,-9.428571428571429,11.033333333333333,13.733333333333333,45.093320028012485,0.556641147622106,-4.1
2025-06-29,5,17,7,2413,20,2025,6,June,26,6,Sunday,2,41.17647058823529,0.8288437629506838,140.0,-15,-56871,10,2393,5.428571428571429,19.571428571428573,38.465413155815625,0.793405238585133,-14.285714285714286,7.785714285714286,16.928571428571427,44.26057725795241,0.6809489468705584,-10.071428571428571,10.733333333333333,13.866666666666667,44.84970743145871,0.5614675059168425,-4.4
2025-06-30,9,22,8,2407,16,2025,6,June,27,0,Monday,2,36.36363636363637,0.6647278770253428,88.88888888888889,-7,-56878,14,2391,5.571428571428571,19.285714285714285,38.39706045588399,0.7855503474239051,-13.857142857142858,7.571428571428571,17.0,43.441830787032025,0.6858956241865805,-9.857142857142858,10.5,14.066666666666666,44.39516197691326,0.5693495843301782,-4.633333333333334
2025-07-01,7,14,6,2391,22,2025,7,July,27,1,Tuesday,3,42.857142857142854,0.9201171058134672,85.71428571428571,-15,-56893,8,2369,5.714285714285714,21.428571428571427,39.02500394097033,0.8771232399609394,-16.0,7.357142857142857,17.428571428571427,42.4851981339708,0.7061946997664886,-10.071428571428571,10.166666666666666,14.433333333333334,43.60151118326247,0.5844900119290148,-5.266666666666667
2025-07-02,8,20,9,2373,38,2025,7,July,27,2,Wednesday,3,45.0,1.6013485040033713,112.5,-30,-56923,11,2335,6.285714285714286,24.428571428571427,40.69167060763699,1.0085497797541494,-18.285714285714285,7.642857142857143,18.642857142857142,44.32585747463015,0.7606486494702852,-11.285714285714286,10.066666666666666,15.6,43.10151118326247,0.6336754232783934,-6.666666666666667
2025-07-06,4,17,2,2332,8,2025,7,July,27,6,Sunday,3,11.76470588235294,0.34305317324185247,50.0,-4,-56927,15,2324,5.857142857142857,23.285714285714285,38.80091430511599,0.9657247409088857,-17.285714285714285,6.714285714285714,18.285714285714285,38.46976503765536,0.7481133000292151,-11.357142857142858,9.666666666666666,15.633333333333333,42.07952663186615,0.6353557910375144,-6.8
2025-07-07,3,18,8,2317,20,2025,7,July,28,0,Monday,3,44.44444444444444,0.8631851532153647,266.66666666666663,-17,-56944,10,2297,6.714285714285714,22.714285714285715,42.76916827336995,0.9502283457927463,-17.142857142857142,6.285714285714286,19.071428571428573,36.88246345035376,0.7842186215568627,-12.5,9.533333333333333,15.933333333333334,42.18169776852004,0.6488125615303795,-7.6
2025-07-08,5,16,8,2306,20,2025,7,July,28,1,Tuesday,3,50.0,0.8673026886383347,160.0,-15,-56959,8,2286,6.857142857142857,20.571428571428573,38.80091430511599,0.8697968949840595,-14.714285714285714,6.357142857142857,19.642857142857142,38.668177736068046,0.8120332955959723,-13.928571428571429,9.333333333333334,16.233333333333334,42.29280887963115,0.6624065832040105,-7.966666666666667
2025-07-09,2,18,0,2281,32,2025,7,July,28,2,Wednesday,3,0.0,1.4028934677772906,0.0,-30,-56989,18,2249,5.857142857142857,22.285714285714285,32.91856136393951,0.9518039956735748,-16.857142857142858,5.642857142857143,20.928571428571427,35.69198725987757,0.8726046171293539,-15.571428571428571,8.866666666666667,16.833333333333332,40.787432535545136,0.6898059366942354,-9.0
2025-07-10,2,12,3,2252,39,2025,7,July,28,3,Thursday,3,25.0,1.7317939609236235,150.0,-37,-57026,9,2213,5.142857142857143,25.571428571428573,31.295184740562892,1.1042420076590436,-21.142857142857142,5.357142857142857,22.428571428571427,34.84612259822344,0.9448961775414743,-17.5,8.5,17.833333333333332,39.9540992022118,0.7352221845778474,-10.366666666666667
2025-07-13,1,13,4,2204,10,2025,7,July,28,6,Sunday,3,30.76923076923077,0.4537205081669692,400.0,-9,-57035,9,2194,4.857142857142857,23.857142857142858,29.568340156575452,1.0376139222809724,-20.285714285714285,5.285714285714286,22.642857142857142,34.29667204877289,0.9573685811209558,-18.142857142857142,8.066666666666666,17.966666666666665,38.88097479575406,0.7422061933767383,-10.7
2025-07-14,2,9,1,2181,26,2025,7,July,29,0,Monday,3,11.11111111111111,1.192113709307657,50.0,-24,-57059,8,2155,3.7142857142857144,22.142857142857142,24.72707031530561,0.9791518087530131,-19.428571428571427,5.0,23.285714285714285,32.7093704614713,0.9938507942535812,-18.857142857142858,7.666666666666667,18.233333333333334,38.55242043494164,0.7576222793227184,-11.366666666666667
2025-07-15,0,8,5,2171,17,2025,7,July,29,1,Tuesday,3,62.5,0.7830492860432979,,-17,-57076,3,2154,4.142857142857143,23.428571428571427,31.974969474969477,1.0420083962960767,-21.285714285714285,5.0,23.357142857142858,35.38794189004273,1.0038665686024812,-19.285714285714285,7.266666666666667,18.3,39.06167969420089,0.7635055639215198,-12.033333333333333
2025-07-16,1,9,0,2164,11,2025,7,July,29,2,Wednesday,3,0.0,0.5083179297597042,0.0,-10,-57086,9,2153,3.0,22.142857142857142,25.625763125763125,0.991313078659554,-20.285714285714285,4.857142857142857,22.428571428571427,34.197465699566536,0.9707707122261501,-18.714285714285715,7.033333333333333,18.3,38.089457471978676,0.7658062574268221,-12.2
2025-07-17,3,16,2,2153,17,2025,7,July,29,3,Thursday,3,12.5,0.7895959126799814,66.66666666666666,-14,-57100,14,2136,2.142857142857143,21.714285714285715,20.26862026862027,0.9802121106655034,-20.142857142857142,4.5,21.142857142857142,29.534767286868124,0.9250045028247815,-17.428571428571427,6.7,18.4,37.48048311300431,0.7734519848616263,-12.6
2025-07-21,4,18,7,2121,16,2025,7,July,30,0,Monday,3,38.88888888888889,0.7543611504007544,175.0,-12,-57112,11,2105,3.142857142857143,19.428571428571427,25.824175824175825,0.8875646367545696,-17.571428571428573,4.5,20.857142857142858,29.371368594057667,0.9196843162140722,-17.214285714285715,6.433333333333334,18.566666666666666,37.460989935616404,0.7839658055972513,-13.066666666666666
2025-07-22,5,13,3,2117,16,2025,7,July,30,1,Tuesday,3,23.076923076923077,0.7557864903164856,60.0,-11,-57123,10,2101,3.142857142857143,16.142857142857142,25.549450549450547,0.748134998096407,-13.857142857142858,4.142857142857143,20.857142857142858,28.42231764500672,0.9261885028777253,-17.5,6.0,18.7,36.00799848262495,0.7933359037976742,-13.3
2025-07-23,6,21,5,2111,14,2025,7,July,30,2,Wednesday,3,23.809523809523807,0.6631927996210327,83.33333333333334,-8,-57131,16,2097,3.2857142857142856,16.714285714285715,24.55520669806384,0.7780596111612733,-13.714285714285714,4.071428571428571,20.285714285714285,27.061773427319647,0.9078367667211228,-17.0,6.0,18.633333333333333,35.924456293819595,0.7942614991040782,-13.366666666666667
2025-07-24,6,18,7,2096,29,2025,7,July,30,3,Thursday,3,38.88888888888889,1.383587786259542,116.66666666666667,-23,-57154,11,2067,4.142857142857143,17.142857142857142,28.52346066631781,0.8054130507258284,-13.571428571428571,3.9285714285714284,19.642857142857142,26.62526549081171,0.8922824297394207,-16.5,5.866666666666666,19.1,35.62654969156517,0.8205319454926953,-13.8
2025-07-27,1,12,2,2088,4,2025,7,July,30,6,Sunday,3,16.666666666666664,0.19157088122605362,200.0,-3,-57157,10,2084,3.7142857142857144,15.285714285714286,21.97584161869876,0.7209161357519364,-11.571428571428571,3.9285714285714284,19.357142857142858,26.975405546834118,0.8814622660240066,-16.428571428571427,5.633333333333334,18.7,34.30710524712073,0.8057199732770719,-13.5
2025-07-28,2,9,3,2080,14,2025,7,July,31,0,Monday,3,33.33333333333333,0.6730769230769231,150.0,-12,-57169,6,2066,4.142857142857143,15.714285714285714,26.73774638060352,0.7444531347972533,-11.857142857142858,3.5714285714285716,18.928571428571427,26.181754753183323,0.8678831067284036,-16.071428571428573,5.566666666666666,18.466666666666665,34.777190717206196,0.8001894304412953,-13.466666666666667
2025-07-29,2,8,3,2072,12,2025,7,July,31,1,Tuesday,3,37.5,0.5791505791505791,150.0,-10,-57179,5,2060,4.285714285714286,15.0,30.309174952032095,0.7143895157216243,-11.285714285714286,3.2142857142857144,18.357142857142858,25.28889761032618,0.8473008131935639,-15.714285714285714,5.166666666666667,18.433333333333334,32.902190717206196,0.8022095142324202,-13.7
2025-07-30,4,15,4,2063,16,2025,7,July,31,2,Wednesday,3,26.666666666666668,0.7755695588948134,100.0,-12,-57191,11,2047,3.857142857142857,15.0,28.563143206000348,0.7174192883636328,-11.285714285714286,3.5,17.214285714285715,27.193659515088086,0.8024919625591013,-14.428571428571429,4.833333333333333,18.666666666666668,31.568857383872864,0.8161381444679706,-14.066666666666666
2025-07-31,2,9,6,2058,15,2025,7,July,31,3,Thursday,3,66.66666666666666,0.7288629737609329,300.0,-13,-57204,3,2043,4.285714285714286,14.857142857142858,34.790249433106574,0.7135730717128396,-11.571428571428571,3.7142857142857144,15.5,30.16984999127856,0.7308540349046233,-12.714285714285714,4.8,18.766666666666666,32.95774627276175,0.8245036685236418,-14.666666666666666
2025-08-03,5,26,3,2049,5,2025,8,August,31,6,Sunday,3,11.538461538461538,0.2440214738897023,60.0,0,-57204,23,2044,4.0,13.571428571428571,33.037240537240535,0.653691453751221,-10.428571428571429,3.642857142857143,15.142857142857142,28.796223617652185,0.7158755324562472,-12.071428571428571,4.566666666666666,18.466666666666665,31.953472768488247,0.8141412187763002,-14.433333333333334
2025-08-04,5,22,11,2040,14,2025,8,August,32,0,Monday,3,50.0,0.6862745098039216,220.00000000000003,-9,-57213,11,2026,4.571428571428571,11.428571428571429,34.624542124542124,0.554075271400418,-8.428571428571429,4.357142857142857,14.285714285714286,31.574001395429967,0.6797441610631232,-11.0,4.7,18.333333333333332,32.392069259716315,0.8130266319312996,-14.4
2025-08-05,2,21,10,2042,14,2025,8,August,32,1,Tuesday,3,47.61904761904761,0.6856023506366308,500.0,-12,-57225,11,2028,5.714285714285714,12.857142857142858,39.04631083202512,0.624651195601929,-9.714285714285714,4.714285714285714,14.071428571428571,30.51107622536194,0.6727836656769327,-10.642857142857142,4.866666666666666,18.566666666666666,32.69731956496663,0.8265764816840465,-14.8
2025-08-06,4,17,3,2036,13,2025,8,August,32,2,Wednesday,3,17.647058823529413,0.6385068762278978,75.0,-9,-57234,14,2023,5.714285714285714,12.714285714285714,36.8054144734817,0.6197126174806397,-9.285714285714286,4.928571428571429,14.214285714285714,31.77158042704261,0.6820828761389465,-10.571428571428571,4.8,18.433333333333334,32.174443747973164,0.825147953376613,-14.633333333333333
2025-08-07,4,18,6,2031,17,2025,8,August,32,3,Thursday,3,33.33333333333333,0.8370260955194485,150.0,-13,-57247,12,2014,6.142857142857143,13.428571428571429,36.2101763782436,0.6565519769619067,-9.714285714285714,5.214285714285714,14.214285714285714,33.25967566513785,0.6854707463417655,-10.5,4.833333333333333,18.466666666666665,32.452221525750936,0.8316212083886381,-14.7
2025-08-10,0,18,8,2006,12,2025,8,August,32,6,Sunday,3,44.44444444444444,0.5982053838484547,,-12,-57259,10,1994,6.714285714285714,12.857142857142858,38.74985891792614,0.6312142376695699,-9.714285714285714,5.285714285714286,13.928571428571429,33.65650106196325,0.6743167630166013,-10.5,5.033333333333333,18.066666666666666,33.37814745167687,0.819172723882642,-14.5
2025-08-11,6,23,4,1999,16,2025,8,August,33,0,Monday,3,17.391304347826086,0.80040020010005,66.66666666666666,-10,-57269,19,1983,6.428571428571429,13.0,31.710521443806062,0.6414338414323009,-9.285714285714286,5.357142857142857,13.928571428571429,33.25038543845631,0.6775034565725703,-10.428571428571429,4.933333333333334,17.433333333333334,31.365265004011807,0.7981753024093389,-13.766666666666667
2025-08-12,8,38,9,1999,9,2025,8,August,33,1,Tuesday,3,23.684210526315788,0.4502251125562781,112.5,-1,-57270,29,1990,7.285714285714286,13.571428571428571,33.44562844207095,0.6708915040989545,-9.428571428571429,5.642857142857143,13.571428571428571,33.241434489655745,0.6622914789250877,-9.928571428571429,5.0,17.066666666666666,30.78218966861449,0.7855546807295253,-13.3
2025-08-13,6,22,12,1997,17,2025,8,August,33,2,Wednesday,3,54.54545454545454,0.8512769153730596,200.0,-11,-57281,10,1980,7.428571428571429,14.0,34.0949790914216,0.694463276323117,-9.714285714285714,6.0,12.714285714285714,34.35976060798186,0.6242692738617676,-9.071428571428571,5.133333333333334,17.1,31.388250274675098,0.7917729820077825,-13.433333333333334
2025-08-14,3,27,4,1994,11,2025,8,August,33,3,Thursday,3,14.814814814814813,0.551654964894684,133.33333333333331,-8,-57289,23,1983,6.571428571428571,13.571428571428571,29.408660119388347,0.675327935502839,-9.142857142857142,6.142857142857143,13.214285714285714,34.22748547570673,0.649989565552384,-9.428571428571429,5.066666666666666,16.733333333333334,30.453506006597493,0.779490910643823,-13.2
2025-08-17,4,14,2,1991,3,2025,8,August,33,6,Sunday,3,14.285714285714285,0.15067805123053743,50.0,1,-57288,12,1988,6.428571428571429,12.142857142857142,28.928468042557615,0.605638103360359,-7.714285714285714,6.071428571428571,12.428571428571429,32.86694125801966,0.6126753604204992,-8.5,4.833333333333333,15.566666666666666,29.429696482787968,0.7311352288847286,-12.166666666666666
2025-08-18,4,20,6,1985,14,2025,8,August,34,0,Monday,3,30.0,0.7052896725440806,150.0,-10,-57298,14,1971,6.428571428571429,11.714285714285714,28.452277566367137,0.5868186143638778,-7.285714285714286,6.285714285714286,12.571428571428571,32.33122697230537,0.6216852956628923,-8.5,4.966666666666667,15.766666666666667,30.03753962004287,0.7432097788614694,-12.366666666666667
2025-08-19,5,35,3,1980,11,2025,8,August,34,1,Tuesday,3,8.571428571428571,0.5555555555555556,60.0,-6,-57304,32,1969,5.714285714285714,11.571428571428571,23.327561013079155,0.5807257817506065,-6.428571428571429,6.214285714285714,12.214285714285714,31.038709965502647,0.6059700097100881,-8.071428571428571,4.8,15.466666666666667,28.84177242427568,0.7329554589394759,-12.0
2025-08-20,10,38,10,1983,10,2025,8,August,34,2,Wednesday,3,26.31578947368421,0.5042864346949066,100.0,0,-57304,28,1973,6.571428571428571,10.714285714285714,24.602487459630314,0.5384238152641574,-5.0,6.5,11.857142857142858,28.156504451718185,0.589928828348229,-7.142857142857143,4.866666666666666,15.133333333333333,28.05229874006515,0.7208549171413615,-11.5
2025-08-21,6,49,8,1972,21,2025,8,August,34,3,Thursday,3,16.3265306122449,1.0649087221095335,133.33333333333331,-15,-57319,41,1951,6.428571428571429,12.428571428571429,23.55139032904876,0.6262357594860511,-7.0,6.857142857142857,13.0,28.498509385559856,0.6485636317925028,-8.214285714285714,5.133333333333334,14.766666666666667,28.59651642713998,0.7095887589524364,-11.0
2025-08-24,4,21,5,1981,5,2025,8,August,34,6,Sunday,3,23.809523809523807,0.2523977788995457,125.0,-1,-57320,16,1976,5.428571428571429,10.714285714285714,19.160543081058652,0.5406815971326919,-5.571428571428571,6.428571428571429,12.357142857142858,26.627761086240127,0.6175724367279045,-7.642857142857143,5.2,13.633333333333333,28.55683388745744,0.6602755528849671,-9.8
2025-08-25,8,30,8,1980,11,2025,8,August,35,0,Monday,3,26.666666666666668,0.5555555555555556,100.0,-3,-57323,22,1969,6.0,10.714285714285714,20.85366477418035,0.5412388243699593,-4.857142857142857,6.285714285714286,12.142857142857142,25.131162446784344,0.6082833799363991,-7.0,5.333333333333333,13.666666666666666,28.420081750705307,0.6636700544645866,-9.6
2025-08-26,10,21,20,1989,15,2025,8,August,35,1,Tuesday,3,95.23809523809523,0.7541478129713424,200.0,-5,-57328,1,1974,8.571428571428571,12.428571428571429,32.41829062452048,0.6274487903329314,-5.714285714285714,7.5,12.285714285714286,30.67337933353905,0.6165434468466451,-6.714285714285714,5.966666666666667,13.3,31.224314554938108,0.6490711912533762,-8.966666666666667
2025-08-27,5,19,9,1988,19,2025,8,August,35,2,Wednesday,3,47.368421052631575,0.9557344064386318,180.0,-14,-57342,10,1969,9.0,13.142857142857142,34.89949363203928,0.6632266094607244,-6.285714285714286,7.714285714285714,12.428571428571429,31.67588559920321,0.6250226119123011,-6.785714285714286,6.1,13.366666666666667,30.719928590025823,0.6548273619332207,-8.866666666666667
2025-08-28,8,33,6,1984,17,2025,8,August,35,3,Thursday,3,18.181818181818183,0.8568548387096774,75.0,-9,-57351,27,1967,9.428571428571429,14.0,36.27240643352351,0.7062693641970276,-6.714285714285714,7.571428571428571,12.785714285714286,29.79998372330133,0.6434975729738169,-6.571428571428571,6.3,13.566666666666666,31.325989196086432,0.6664452588982197,-8.833333333333334
2025-09-01,10,29,17,2010,5,2025,9,September,36,0,Monday,3,58.620689655172406,0.24875621890547264,170.0,5,-57346,12,2005,10.428571428571429,13.285714285714286,40.8873921737361,0.66976504765568,-6.0,8.5,12.0,32.744939816683214,0.6040944314599186,-5.5,6.8,13.166666666666666,32.86334551792551,0.648417269105736,-8.2
2025-09-02,6,35,9,2020,9,2025,9,September,36,1,Tuesday,3,25.71428571428571,0.4455445544554455,150.0,-3,-57349,26,2011,10.571428571428571,11.571428571428571,42.22850004545622,0.5812844522765245,-4.285714285714286,8.5,12.0,32.889945187252486,0.6037601058812878,-5.642857142857143,6.866666666666666,12.933333333333334,32.42419207877207,0.6381233825742257,-7.9
2025-09-03,4,29,11,2019,10,2025,9,September,36,2,Wednesday,3,37.93103448275862,0.49529470034670625,275.0,-6,-57355,18,2009,11.428571428571429,12.285714285714286,44.245858713061196,0.6159840124832616,-5.0,8.428571428571429,11.5,31.703200897059926,0.5783328048079767,-5.285714285714286,7.133333333333334,12.733333333333333,32.91932912563326,0.6294403229085664,-7.733333333333333
2025-09-04,11,40,2,2015,14,2025,9,September,36,3,Thursday,3,5.0,0.6947890818858561,18.181818181818183,-3,-57358,38,2001,10.571428571428571,12.714285714285714,41.1506206178231,0.6358745162447332,-5.0,8.285714285714286,11.714285714285714,31.002142696001727,0.5885566703073462,-4.928571428571429,7.033333333333333,12.733333333333333,32.292344998649135,0.6304935323173939,-7.566666666666666
2025-09-07,4,19,9,2026,7,2025,9,September,36,6,Sunday,3,47.368421052631575,0.3455083909180652,225.0,-3,-57361,10,2019,9.0,11.571428571428571,34.312095734185434,0.5774974559514078,-4.714285714285714,8.785714285714286,12.0,33.365193179352964,0.6024731231421695,-5.214285714285714,7.1,12.0,32.574996070773885,0.5958908858060112,-6.9
2025-09-08,7,25,5,2025,6,2025,9,September,37,0,Monday,3,20.0,0.2962962962962963,71.42857142857143,1,-57360,20,2019,8.428571428571429,9.714285714285714,30.402321298095213,0.4832920116453599,-2.5714285714285716,8.714285714285714,11.428571428571429,32.65090746506725,0.5732593105530421,-4.428571428571429,7.2,12.066666666666666,32.686107181885,0.5993817329750194,-6.766666666666667
2025-09-09,18,42,11,2023,14,2025,9,September,37,1,Tuesday,3,26.190476190476193,0.6920415224913495,61.111111111111114,4,-57356,31,2009,9.142857142857142,9.285714285714286,31.54641529933207,0.45974725218559875,-0.7142857142857143,9.285714285714286,11.642857142857142,33.90941086642779,0.5830083081913131,-3.7142857142857144,7.466666666666667,12.066666666666666,32.44801194378976,0.6000138862888337,-6.233333333333333
2025-09-10,10,47,14,2025,18,2025,9,September,37,2,Wednesday,3,29.78723404255319,0.8888888888888888,140.0,-8,-57364,33,2007,8.714285714285714,11.142857142857142,27.427350211815035,0.5511947764689439,-2.5714285714285716,9.571428571428571,12.214285714285714,34.15737119277558,0.6104799120623119,-4.285714285714286,7.833333333333333,12.266666666666667,32.1909197452082,0.610338496613444,-6.166666666666667
2025-09-11,12,38,29,2047,6,2025,9,September,37,3,Thursday,3,76.31578947368422,0.29311187103077674,241.66666666666666,6,-57358,9,2041,11.571428571428571,10.714285714285714,34.65613646315769,0.5294186788368485,-1.2857142857142858,11.071428571428571,11.142857142857142,38.442318254306954,0.5553515655566864,-2.7857142857142856,8.666666666666666,11.933333333333334,33.845890505442114,0.5942565736846428,-5.566666666666666
2025-09-14,7,39,13,2083,5,2025,9,September,37,6,Sunday,3,33.33333333333333,0.2400384061449832,185.71428571428572,2,-57356,26,2078,11.857142857142858,10.0,33.99932201323979,0.492953493950888,-0.14285714285714285,11.642857142857142,11.142857142857142,39.12259036315049,0.5544687532170748,-2.5714285714285716,8.9,11.6,32.73477939433101,0.5779624214307778,-5.066666666666666
2025-09-15,9,47,10,2086,10,2025,9,September,38,0,Monday,3,21.27659574468085,0.4793863854266539,111.11111111111111,-1,-57357,37,2076,13.0,9.428571428571429,36.324549976765624,0.462181680171002,0.14285714285714285,11.785714285714286,11.071428571428571,38.73758529729436,0.5490280982078676,-2.4285714285714284,9.133333333333333,11.766666666666667,33.05938386787165,0.5858079184820095,-5.1
2025-09-16,7,28,17,2095,12,2025,9,September,38,1,Tuesday,3,60.71428571428571,0.5727923627684964,242.85714285714283,-5,-57362,11,2083,14.142857142857142,10.142857142857142,38.23110207128764,0.4946508190067779,-0.14285714285714285,11.571428571428571,10.857142857142858,36.271598902736535,0.5360741374790928,-2.4285714285714284,9.333333333333334,11.7,33.416526725014506,0.5820251802474953,-4.966666666666667
2025-09-17,7,38,5,2096,13,2025,9,September,38,2,Wednesday,3,13.157894736842104,0.6202290076335878,71.42857142857143,-6,-57368,33,2083,14.142857142857142,11.142857142857142,37.253658462265086,0.5409269206263909,-1.1428571428571428,11.285714285714286,10.428571428571429,33.82798988018015,0.5121094661358754,-1.8571428571428572,9.166666666666666,11.666666666666666,32.26782162894099,0.5798460688140605,-4.766666666666667
2025-09-18,20,52,11,2096,14,2025,9,September,38,3,Thursday,3,21.153846153846153,0.6679389312977099,55.00000000000001,6,-57362,41,2082,14.142857142857142,11.142857142857142,36.53413988560364,0.5374836933130138,-0.8571428571428571,11.642857142857142,10.214285714285714,34.04027759246786,0.4986154727493063,-0.7857142857142857,9.433333333333334,11.7,32.384714539951545,0.5808271373163876,-4.266666666666667
2025-09-21,8,35,13,2134,5,2025,9,September,38,6,Sunday,3,37.142857142857146,0.23430178069353325,162.5,3,-57359,22,2129,14.0,9.285714285714286,37.58494318564708,0.4439712492851059,0.7142857142857143,11.357142857142858,10.214285714285714,32.50614669873106,0.4975830128770249,-0.9285714285714286,9.666666666666666,11.3,32.51169866693568,0.5607363268221905,-3.7333333333333334
2025-09-22,17,40,14,2141,10,2025,9,September,39,0,Monday,3,35.0,0.4670714619336758,82.35294117647058,7,-57352,26,2131,11.857142857142858,9.857142857142858,31.682687546549328,0.4688226194140914,0.8571428571428571,11.714285714285714,10.285714285714286,33.169412004853505,0.49912064912546994,-0.21428571428571427,9.866666666666667,11.233333333333333,32.19688385212086,0.5563651960916978,-3.1
2025-09-23,11,36,10,2145,15,2025,9,September,39,1,Tuesday,3,27.77777777777778,0.6993006993006993,90.9090909090909,-4,-57356,26,2130,11.428571428571429,11.285714285714286,30.889036752898534,0.5344315184363365,0.0,11.642857142857142,10.642857142857142,32.44417938306916,0.5136925061936123,-0.07142857142857142,10.066666666666666,11.2,32.54309963311925,0.5529952127317195,-2.9
2025-09-24,3,38,12,2138,17,2025,9,September,39,2,Wednesday,3,31.57894736842105,0.7951356407857811,400.0,-14,-57370,26,2121,11.714285714285714,12.285714285714286,32.3608012705757,0.5795385549162119,-1.8571428571428572,12.357142857142858,10.857142857142858,34.342675623670665,0.520860117543607,-0.8571428571428571,10.166666666666666,11.466666666666667,32.8062575278561,0.5644922303393697,-3.3333333333333335
2025-09-25,6,35,12,2132,18,2025,9,September,39,3,Thursday,3,34.285714285714285,0.8442776735459663,200.0,-12,-57382,23,2114,11.0,13.142857142857142,28.585291066494076,0.6183221707415648,-2.857142857142857,12.571428571428571,11.642857142857142,33.40819656889086,0.5564864948741713,-1.5,10.166666666666666,11.5,32.130932852531416,0.5642589222784664,-3.3666666666666667
2025-09-28,11,29,12,2146,9,2025,9,September,39,6,Sunday,3,41.37931034482759,0.4193849021435228,109.09090909090908,2,-57380,17,2137,12.0,12.571428571428571,32.61692186763486,0.5896301556715554,-1.7142857142857142,13.071428571428571,11.857142857142858,34.93529016494997,0.5652785381489732,-1.4285714285714286,10.433333333333334,11.433333333333334,33.01641603686518,0.559849920186761,-3.033333333333333
2025-09-29,8,35,12,2148,13,2025,9,September,40,0,Monday,3,34.285714285714285,0.6052141527001862,150.0,-5,-57385,23,2135,12.142857142857142,12.428571428571429,34.49290302933031,0.5806694730147663,-3.2857142857142856,13.142857142857142,11.785714285714286,35.51352145746698,0.5590765831638901,-2.0714285714285716,10.766666666666667,11.766666666666667,33.683082703531845,0.5750011235690826,-3.2333333333333334
2025-09-30,8,32,12,2159,7,2025,9,September,40,1,Tuesday,3,37.5,0.3242241778601204,150.0,1,-57384,20,2152,12.0,12.714285714285714,34.54392343749357,0.5935155297528503,-3.5714285714285716,13.0,11.0,36.06443331157032,0.518743389518978,-1.4285714285714286,10.966666666666667,11.533333333333333,33.933082703531845,0.5622989404129507,-2.8666666666666667
2025-10-01,4,33,12,2163,14,2025,10,October,40,2,Wednesday,4,36.36363636363637,0.6472491909385114,300.0,-10,-57394,21,2149,11.714285714285714,13.285714285714286,34.738728632298766,0.6192552053249697,-6.0,11.785714285714286,11.571428571428571,33.210708089424045,0.5440389123695305,-2.5714285714285716,11.266666666666667,11.633333333333333,34.85948962993877,0.565355394925716,-3.0
2025-10-02,20,51,15,2164,16,2025,10,October,40,3,Thursday,4,29.411764705882355,0.7393715341959335,75.0,4,-57390,36,2148,12.428571428571429,13.428571428571429,34.972155336313705,0.6249796103100032,-4.857142857142857,11.928571428571429,12.357142857142858,32.93059604460612,0.5797055643731699,-2.4285714285714284,11.433333333333334,11.833333333333334,34.962688804345376,0.5731915649090834,-2.8666666666666667
2025-10-05,8,28,13,2180,16,2025,10,October,40,6,Sunday,4,46.42857142857143,0.7339449541284404,162.5,-8,-57398,15,2164,12.571428571428571,13.285714285714286,37.09353020204947,0.6162380836446688,-4.0,12.142857142857142,12.785714285714286,34.727165736312585,0.5978883192804404,-2.9285714285714284,11.6,11.666666666666666,35.96609016488959,0.5621594393097138,-2.6333333333333333
2025-10-06,5,33,15,2187,10,2025,10,October,41,0,Monday,4,45.45454545454545,0.4572473708276178,300.0,-5,-57403,18,2177,13.0,12.142857142857142,38.689077511882495,0.5609480403991903,-3.0,12.0,12.642857142857142,33.63718428918828,0.5896351055703776,-2.9285714285714284,11.933333333333334,11.833333333333334,36.68759088639032,0.5689877590406495,-2.7666666666666666
2025-10-07,11,45,4,2189,10,2025,10,October,41,1,Tuesday,4,8.88888888888889,0.45682960255824573,36.36363636363637,1,-57402,41,2179,11.857142857142858,12.285714285714286,34.04758873246268,0.5662972833155794,-3.142857142857143,11.928571428571429,12.428571428571429,33.33225530004877,0.5779637194935674,-2.4285714285714284,11.8,11.8,36.09499829379772,0.5656968939407391,-2.6333333333333333
2025-10-08,8,49,15,2192,17,2025,10,October,41,2,Wednesday,4,30.612244897959183,0.7755474452554745,187.5,-9,-57411,34,2175,12.285714285714286,12.857142857142858,33.52280739135481,0.5906306108234778,-3.7142857142857144,12.214285714285714,12.642857142857142,34.007855210342555,0.585650041919122,-3.5,11.633333333333333,11.866666666666667,33.940803282459854,0.5664102150168768,-2.7666666666666666
2025-10-09,11,55,13,2192,12,2025,10,October,41,3,Thursday,4,23.636363636363637,0.5474452554744526,118.18181818181819,-1,-57412,42,2180,12.428571428571429,13.571428571428571,31.54228791083533,0.6225193361969537,-4.0,12.214285714285714,13.142857142857142,33.043105674164444,0.6080174329749021,-3.7857142857142856,11.766666666666667,11.633333333333333,33.14973470191759,0.5528005766514041,-2.3333333333333335
2025-10-13,8,24,7,2223,6,2025,10,October,42,0,Monday,4,29.166666666666668,0.2699055330634278,87.5,2,-57410,17,2217,11.714285714285714,12.428571428571429,30.514149382696807,0.568613099357656,-2.2857142857142856,11.714285714285714,12.857142857142858,32.62643900749778,0.5939341523413129,-4.142857142857143,11.8,11.266666666666667,33.5158963180792,0.5332355997965292,-1.9666666666666666
2025-10-14,7,30,16,2235,8,2025,10,October,42,1,Tuesday,4,53.333333333333336,0.3579418344519016,228.57142857142856,-1,-57411,14,2227,11.857142857142858,11.285714285714286,33.931516329475514,0.5141231422513658,-3.0,12.142857142857142,12.357142857142858,34.45183583289461,0.5695513762806844,-3.9285714285714284,11.766666666666667,11.366666666666667,33.33965110735124,0.5368751203147435,-2.1666666666666665
2025-10-15,8,29,10,2225,15,2025,10,October,42,2,Wednesday,4,34.48275862068966,0.6741573033707865,125.0,-7,-57418,19,2210,11.428571428571429,11.142857142857142,32.22497164263526,0.5055820492859866,-2.857142857142857,12.0,12.214285714285714,34.659250922342366,0.5609100664653276,-3.4285714285714284,11.8,11.566666666666666,33.6319335375647,0.5444955452785882,-2.3
2025-10-16,9,33,15,2233,9,2025,10,October,42,3,Thursday,4,45.45454545454545,0.40304523063143755,166.66666666666669,0,-57418,18,2224,11.428571428571429,11.0,32.22497164263526,0.497838886400818,-2.142857142857143,12.214285714285714,11.571428571428571,35.45702457725888,0.5293934634000041,-2.5714285714285716,11.933333333333334,11.533333333333333,33.88271723662426,0.5414205629547459,-2.1
2025-10-19,9,34,17,2237,7,2025,10,October,42,6,Sunday,4,50.0,0.31291908806437196,188.88888888888889,2,-57416,17,2230,13.285714285714286,10.571428571428571,38.097987515651134,0.47728024147312176,-2.0,12.571428571428571,11.428571428571429,36.072788124056906,0.5217887623943506,-2.5714285714285716,12.433333333333334,11.3,35.38271723662426,0.5286915631606965,-1.9333333333333333
2025-10-20,10,39,6,2243,7,2025,10,October,43,0,Monday,4,15.384615384615385,0.3120820329915292,60.0,3,-57413,33,2236,12.0,9.142857142857142,35.922611870887735,0.4110708968639867,-0.2857142857142857,12.142857142857142,11.0,34.72270963112127,0.5008507538437322,-2.0,12.333333333333334,11.3,34.31659038102372,0.527577351229812,-1.7333333333333334
2025-10-21,13,39,17,2251,9,2025,10,October,43,1,Tuesday,4,43.58974358974359,0.3998223011994669,130.76923076923077,4,-57409,22,2242,12.571428571428571,8.714285714285714,38.77309472137058,0.38998190339613165,0.42857142857142855,12.5,11.142857142857142,35.157691316102955,0.5062506197965427,-1.7857142857142858,12.733333333333333,11.4,35.10291516734851,0.5310282180599176,-1.6333333333333333
2025-10-22,12,42,13,2261,12,2025,10,October,43,2,Wednesday,4,30.952380952380953,0.5307386112339673,108.33333333333333,0,-57409,29,2249,13.428571428571429,9.571428571428571,39.02819676218691,0.4272437717062087,0.14285714285714285,12.571428571428571,11.0,34.771173072441854,0.49792843553193233,-1.0714285714285714,12.8,11.333333333333334,35.26164532607867,0.5256514543513382,-1.7666666666666666
2025-10-23,4,27,26,2266,18,2025,10,October,43,3,Thursday,4,96.29629629629629,0.7943512797881729,650.0,-14,-57423,1,2248,14.857142857142858,11.0,45.16576289975304,0.4895879781828189,-1.7142857142857142,13.357142857142858,11.142857142857142,39.54863961461428,0.5018555602170923,-2.357142857142857,13.2,11.333333333333334,37.47861406787011,0.5225002007146476,-1.9666666666666666
2025-10-26,4,35,12,2276,10,2025,10,October,43,6,Sunday,4,34.285714285714285,0.4393673110720563,300.0,-6,-57429,23,2266,15.142857142857142,10.285714285714286,45.137613709042284,0.4560465507115717,-1.5714285714285714,13.285714285714286,10.714285714285714,38.68129267583877,0.48081429999877917,-2.2142857142857144,12.633333333333333,11.466666666666667,36.077611561604435,0.5273753820493571,-2.3666666666666667
2025-10-27,2,31,8,2282,11,2025,10,October,44,0,Monday,4,25.806451612903224,0.48203330411919365,400.0,-9,-57438,23,2271,14.142857142857142,10.571428571428571,42.33074316023624,0.4673305612098226,-2.857142857142857,12.785714285714286,10.785714285714286,37.27785740143575,0.4825847238053203,-2.5,12.466666666666667,11.666666666666666,35.82671550425677,0.5354418786484973,-2.7333333333333334
2025-10-28,6,22,11,2286,6,2025,10,October,44,1,Tuesday,4,50.0,0.26246719160104987,183.33333333333331,0,-57438,11,2280,13.285714285714286,10.428571428571429,42.330743160236246,0.460123147429348,-3.142857142857143,13.285714285714286,10.5,40.21436533794368,0.4687016944512349,-2.5714285714285716,12.5,11.533333333333333,36.78416231276741,0.5282112388543105,-2.7
2025-10-29,6,25,4,2280,17,2025,10,October,44,2,Wednesday,4,16.0,0.7456140350877193,66.66666666666666,-11,-57449,21,2263,13.0,11.857142857142858,42.41865524814834,0.5220562905859466,-5.142857142857143,12.5,10.5,39.17063355951803,0.46656359372496664,-2.7142857142857144,12.066666666666666,11.7,35.29368612229121,0.5339719612649513,-2.9
2025-10-30,3,17,14,2287,12,2025,10,October,44,3,Thursday,4,82.35294117647058,0.524704853519895,466.6666666666667,-9,-57458,3,2275,12.571428571428571,12.285714285714286,47.95625490339505,0.5398966552031507,-7.0,12.571428571428571,10.5,43.364674812382816,0.46493927929964113,-3.2857142857142856,12.366666666666667,11.666666666666666,37.600187670278835,0.530787822794495,-3.0
2025-11-02,5,21,10,2277,7,2025,11,November,44,6,Sunday,4,47.61904761904761,0.30742204655248134,200.0,-2,-57460,11,2270,12.142857142857142,11.571428571428571,50.33720728434742,0.5079942888200812,-7.285714285714286,12.785714285714286,10.571428571428571,44.68270202326717,0.46761903026314494,-3.5714285714285716,12.333333333333334,11.433333333333334,38.48236105245221,0.5187705933029872,-3.2666666666666666
2025-11-03,3,28,5,2269,12,2025,11,November,45,0,Monday,4,17.857142857142858,0.5288673424416042,166.66666666666669,-9,-57469,23,2257,9.142857142857142,10.714285714285714,39.131613935896944,0.4700680120562856,-6.571428571428571,12.0,10.857142857142858,42.14868841782499,0.4798279951195523,-4.142857142857143,12.066666666666666,11.666666666666666,37.839503909595074,0.5285894453612563,-3.6666666666666665
2025-11-04,6,33,6,2270,8,2025,11,November,45,1,Tuesday,4,18.181818181818183,0.3524229074889868,100.0,-2,-57471,27,2262,8.285714285714286,10.428571428571429,36.831057349626064,0.45764738297299,-6.0,11.714285714285714,10.357142857142858,40.98433552933417,0.4568469668422808,-3.7857142857142856,11.8,11.6,37.27889784898901,0.5247678268797666,-3.966666666666667
2025-11-05,8,41,8,2272,7,2025,11,November,45,2,Wednesday,4,19.51219512195122,0.30809859154929575,100.0,1,-57470,33,2265,8.285714285714286,9.857142857142858,35.93187785091864,0.432799566891576,-4.571428571428571,11.214285714285714,10.214285714285714,39.131310505577446,0.4500650640506993,-3.7142857142857144,11.733333333333333,11.333333333333334,37.00337842712813,0.5117277566213866,-3.8
2025-11-06,6,33,9,2264,19,2025,11,November,45,3,Thursday,4,27.27272727272727,0.8392226148409895,150.0,-13,-57483,24,2245,8.0,11.714285714285714,32.68512460416539,0.515193198782996,-6.428571428571429,10.642857142857142,11.071428571428571,37.50793388220082,0.48765817310617204,-4.785714285714286,11.633333333333333,11.4,36.85983775727167,0.5131973224232269,-3.7666666666666666
2025-11-09,11,33,5,2294,4,2025,11,November,45,6,Sunday,4,15.151515151515152,0.17436791630340018,45.45454545454545,7,-57476,28,2290,8.142857142857142,9.857142857142858,32.56391248295326,0.43358661038523605,-3.857142857142857,10.571428571428571,10.857142857142858,37.491283865550805,0.47782145048559127,-4.5,11.4,10.933333333333334,36.22203111946502,0.49086699718180793,-3.1333333333333333
2025-11-11,11,39,12,2294,14,2025,11,November,46,1,Tuesday,4,30.76923076923077,0.6102877070619006,109.09090909090908,-3,-57479,27,2280,7.857142857142857,10.142857142857142,25.194810996204723,0.44581273231980834,-3.0,10.214285714285714,11.214285714285714,36.575532949799886,0.49285469376147945,-5.0,11.4,11.1,35.86836180027847,0.49723042401242057,-3.3
2025-11-12,14,48,20,2302,7,2025,11,November,46,2,Wednesday,4,41.66666666666667,0.3040834057341442,142.85714285714286,7,-57472,28,2295,9.285714285714286,10.142857142857142,24.344470860150302,0.4453357836314744,-1.7142857142857142,10.714285714285714,10.857142857142858,37.34083907224886,0.4766650362257779,-4.5,11.666666666666666,10.9,36.11439354631021,0.4871927324468858,-2.9
2025-11-13,6,26,16,2317,5,2025,11,November,46,3,Thursday,4,61.53846153846154,0.21579628830384118,266.66666666666663,1,-57471,10,2312,10.857142857142858,9.142857142857142,30.584659243195826,0.4006113473260798,-0.2857142857142857,10.0,9.928571428571429,34.85813658954638,0.4353396796911827,-3.4285714285714284,11.8,10.833333333333334,36.91567559759226,0.4835784694616765,-2.9
2025-11-16,5,22,3,2340,5,2025,11,November,46,6,Sunday,4,13.636363636363635,0.2136752136752137,60.0,0,-57471,19,2335,10.428571428571429,8.714285714285714,29.93530859384518,0.3807902482098265,0.0,9.357142857142858,9.571428571428571,33.38318297173562,0.41921881559140817,-3.0,11.5,10.533333333333333,36.158099840016504,0.46912600355289985,-2.566666666666667
2025-11-17,1,35,6,2343,8,2025,11,November,47,0,Monday,4,17.142857142857142,0.34144259496372176,600.0,-7,-57478,29,2335,10.142857142857142,8.857142857142858,29.596831739688884,0.38555367726903017,-1.1428571428571428,9.214285714285714,9.357142857142858,32.76435479530376,0.4091766220803031,-2.857142857142857,11.2,10.266666666666667,35.74913625458234,0.4558617055784928,-2.933333333333333
2025-11-18,2,38,8,2345,12,2025,11,November,47,1,Tuesday,4,21.052631578947366,0.511727078891258,400.0,-10,-57488,30,2333,10.0,7.857142857142857,28.70824664057747,0.3387686007047828,-0.7142857142857143,9.0,9.785714285714286,30.69668562237143,0.4269808997438894,-3.5714285714285716,11.033333333333333,10.133333333333333,34.9032715929282,0.44845444307058674,-3.0
2025-11-19,7,32,3,2340,10,2025,11,November,47,2,Wednesday,4,9.375,0.4273504273504274,42.857142857142854,-3,-57491,29,2330,9.714285714285714,8.714285714285714,27.88303019036102,0.3749089594257867,-2.142857142857143,8.928571428571429,9.285714285714286,30.223471336657145,0.40424778490551144,-3.0,10.633333333333333,10.133333333333333,33.700620077776684,0.44745787828801376,-2.933333333333333
2025-11-20,18,57,8,2340,9,2025,11,November,47,3,Thursday,4,14.035087719298245,0.38461538461538464,44.44444444444444,9,-57482,49,2331,9.142857142857142,8.0,25.492438326084944,0.34267005621914154,-0.42857142857142855,8.5,9.071428571428571,25.343624661144837,0.3942413942694749,-1.7142857142857142,10.766666666666667,10.1,33.87216003879033,0.4450507376899184,-2.6666666666666665
2025-11-23,3,46,22,2375,1,2025,11,November,47,6,Sunday,4,47.82608695652174,0.042105263157894736,733.3333333333333,2,-57480,24,2374,9.428571428571429,7.142857142857143,26.372355510349955,0.30524460727967734,-1.1428571428571428,9.357142857142858,8.642857142857142,25.35841318525013,0.3752901954555759,-1.4285714285714286,11.0,9.566666666666666,34.44595477407575,0.4206026649533324,-2.3
2025-11-24,9,40,9,2371,13,2025,11,November,48,0,Monday,4,22.5,0.5482918599746942,100.0,-4,-57484,31,2358,8.428571428571429,8.285714285714286,20.795432433426875,0.3527439746612278,-1.8571428571428572,9.642857142857142,8.714285714285714,25.690045838311352,0.3766776609936537,-1.0714285714285714,10.866666666666667,9.6,34.40807598619696,0.4206308851033404,-2.4
2025-11-25,6,47,14,2375,11,2025,11,November,48,1,Tuesday,4,29.78723404255319,0.46315789473684216,233.33333333333334,-5,-57489,33,2364,10.0,9.142857142857142,23.1026996343111,0.38838435767003177,-2.5714285714285716,10.214285714285714,8.928571428571429,26.51900411407814,0.3845873029399292,-1.2857142857142858,11.1,9.766666666666667,34.428761565393174,0.4270726304924543,-2.6333333333333333
2025-11-27,4,24,8,2389,7,2025,11,November,48,3,Thursday,4,33.33333333333333,0.2930096274591879,200.0,-3,-57492,16,2382,10.285714285714286,9.0,25.415624804379124,0.3814653623122413,-2.0,10.214285714285714,8.928571428571429,27.506228272034004,0.3835095197906357,-1.5714285714285714,10.833333333333334,9.733333333333333,33.76209489872652,0.42490822359269714,-2.7
2025-11-30,4,18,10,2415,0,2025,11,November,48,6,Sunday,4,55.55555555555556,0.0,250.0,4,-57488,8,2415,10.571428571428571,7.285714285714286,30.344613943894583,0.3083614938992044,0.0,10.285714285714286,7.571428571428571,29.526430292236025,0.32356504730199365,-0.35714285714285715,10.833333333333334,9.233333333333333,34.46452146322204,0.40243631348033754,-2.3333333333333335
2025-12-01,4,26,4,2410,9,2025,12,December,49,0,Monday,4,15.384615384615385,0.37344398340248963,100.0,-5,-57493,22,2401,10.714285714285714,7.142857142857143,31.203130427411065,0.30066057333521334,-0.2857142857142857,10.214285714285714,7.928571428571429,29.54308030888604,0.33778476638050003,-1.2142857142857142,10.466666666666667,9.233333333333333,33.46219046089104,0.4014496052393727,-2.5
2025-12-02,7,34,6,2407,8,2025,12,December,49,1,Tuesday,4,17.647058823529413,0.3323639385126714,85.71428571428571,-1,-57494,28,2399,10.428571428571429,7.0,31.719126299444092,0.2931960810348257,-1.7142857142857142,9.785714285714286,7.5,28.605782312764514,0.3179330686269836,-1.0714285714285714,10.1,9.266666666666667,32.38375908834202,0.4020977669209826,-2.6
2025-12-03,4,32,8,2419,7,2025,12,December,49,2,Wednesday,4,25.0,0.28937577511368334,200.0,-3,-57497,24,2412,8.428571428571429,7.857142857142857,28.458256734226698,0.3285204398856526,-2.4285714285714284,8.928571428571429,7.5,27.41530612228832,0.31688252358266494,-1.7857142857142858,10.166666666666666,9.266666666666667,32.70427190885484,0.4013408916583877,-2.8
2025-12-04,16,39,7,2418,13,2025,12,December,49,3,Thursday,4,17.94871794871795,0.5376344086021506,43.75,3,-57494,32,2405,8.142857142857142,7.857142857142857,27.808073584043548,0.32699794683243216,-1.4285714285714286,8.285714285714286,8.071428571428571,24.301753008735208,0.33987096074683,-1.6428571428571428,9.833333333333334,9.4,31.849571054153987,0.4059346285718106,-2.8333333333333335
2025-12-07,4,24,13,2429,12,2025,12,December,49,6,Sunday,4,54.166666666666664,0.49403046521202143,325.0,-8,-57502,11,2417,8.0,8.0,31.290849673202615,0.33140831404317206,-1.8571428571428572,9.0,8.571428571428571,27.196774653756854,0.35989633585660197,-2.2142857142857144,9.833333333333334,9.4,32.62338057796351,0.40471102370441236,-3.1
2025-12-08,9,27,9,2440,4,2025,12,December,50,0,Monday,4,33.33333333333333,0.16393442622950818,100.0,5,-57497,18,2436,8.142857142857142,7.571428571428571,31.290849673202615,0.3129689995817892,-0.7142857142857143,9.214285714285714,8.285714285714286,28.35323723879087,0.34721718094701526,-1.3571428571428572,9.266666666666667,8.933333333333334,30.524615145864747,0.38369712858579025,-2.466666666666667
2025-12-09,4,30,7,2443,8,2025,12,December,50,1,Tuesday,4,23.333333333333332,0.3274662300450266,175.0,-4,-57501,23,2435,7.714285714285714,8.714285714285714,26.68767507002801,0.3597498895882216,-1.8571428571428572,9.142857142857142,8.0,28.516144506961293,0.334055691743713,-0.9285714285714286,9.1,8.866666666666667,30.15953578078538,0.37996709255155586,-2.4
2025-12-10,10,54,5,2439,9,2025,12,December,50,2,Wednesday,4,9.25925925925926,0.36900369003690037,50.0,1,-57500,49,2430,7.857142857142857,8.714285714285714,25.812624194977136,0.359115561964566,-1.0,9.285714285714286,7.928571428571429,28.5078773111941,0.32988806764988965,-0.6428571428571429,9.0,8.8,29.60796270233058,0.3761994387488128,-2.066666666666667
2025-12-11,7,47,9,2437,10,2025,12,December,50,3,Thursday,4,19.148936170212767,0.4103405826836274,128.57142857142858,-3,-57503,38,2427,8.285714285714286,9.0,26.027178101646182,0.37025508256041684,-1.2857142857142858,9.357142857142858,8.0,28.87315220054514,0.3317255817976213,-1.5,8.933333333333334,8.933333333333334,28.579593908004338,0.38112855178489874,-2.1666666666666665
2025-12-14,8,35,4,2462,8,2025,12,December,50,6,Sunday,4,11.428571428571429,0.3249390739236393,50.0,0,-57503,31,2454,7.714285714285714,9.142857142857142,24.088402591442104,0.375335553818982,-0.8571428571428571,8.071428571428571,8.5,26.273329662834396,0.35192799685231735,-1.6428571428571428,8.933333333333334,8.633333333333333,28.427212955623386,0.3671060530794294,-1.8
2025-12-15,11,42,9,2470,7,2025,12,December,51,0,Monday,4,21.428571428571427,0.2834008097165992,81.81818181818183,4,-57499,33,2463,8.0,8.285714285714286,24.585524517135458,0.33901646826390325,-0.7142857142857143,8.071428571428571,8.071428571428571,26.196799050589505,0.3330072075481677,-1.0714285714285714,8.766666666666667,8.466666666666667,26.396400630693414,0.35906258495265286,-1.3666666666666667
2025-12-16,8,54,15,2468,9,2025,12,December,51,1,Tuesday,4,27.77777777777778,0.3646677471636953,187.5,-1,-57500,39,2459,8.285714285714286,7.857142857142857,20.815683247294185,0.3205360799712852,0.2857142857142857,8.142857142857142,7.928571428571429,26.053266460248402,0.32597219700722857,-0.7857142857142857,8.933333333333334,8.533333333333333,25.735024969317756,0.3609707749730267,-1.3333333333333333
2025-12-17,7,31,11,2481,10,2025,12,December,51,2,Wednesday,4,35.483870967741936,0.4030632809351068,157.14285714285714,-3,-57503,20,2471,8.571428571428571,8.714285714285714,21.122902909352565,0.35469734492922783,-0.8571428571428571,8.357142857142858,8.142857142857142,26.206876291277588,0.3338331722555085,-0.7857142857142857,9.133333333333333,8.466666666666667,26.32258257300439,0.3567773062561434,-1.1333333333333333
2025-12-18,11,50,6,2472,16,2025,12,December,51,3,Thursday,4,12.0,0.6472491909385114,54.54545454545454,-5,-57508,44,2456,8.428571428571429,9.857142857142858,19.503855290304944,0.40038062505686856,-1.0,8.071428571428571,9.285714285714286,23.095765180166477,0.3800652573225451,-1.4285714285714286,9.133333333333333,8.733333333333333,26.11652196694378,0.3666048490377942,-1.2333333333333334
2025-12-21,6,18,11,2484,14,2025,12,December,51,6,Sunday,4,61.111111111111114,0.5636070853462157,183.33333333333331,-8,-57516,7,2470,9.285714285714286,10.571428571428571,26.91126269771235,0.4281811101010565,-2.2857142857142856,8.571428571428571,9.642857142857142,26.361943446344743,0.3936483360328112,-1.6428571428571428,9.233333333333333,8.966666666666667,27.503152499915778,0.37512179883102487,-1.5333333333333334
